mpn,manufacturer,references,specification,quantity_per_board,fitted_per_board,dnp_references,purchase_quantity,optional_full_population_quantity,observed_stock,moq,lifecycle,source_url,china_order_url,checked_on,source_freshness,status,datasheet_url,source_access_method,spec_review_status,application_check
MFU1206FF03150P100,Vishay,F101,"3.15A, 63V, very-fast fuse, 1206; typical cold R37mOhm; P1=1000/reel packaging",1,1,,6,0,1000,1,Active / listed for sale,https://www.digikey.com/en/products/detail/vishay/MFU1206FF03150P100/1206513,https://www.digikey.cn/zh/products/detail/vishay/MFU1206FF03150P100/1206513,2026-09-17,4 months ago,PUBLIC_STOCK_SNAPSHOT,https://www.vishay.com/docs/28747/mfuserie.pdf,web_reader_page,NOMINAL_RATINGS_REVIEWED,Input backup fuse. Check inrush and temperature derating. A 3 A supply does not establish clearing of a 3.15 A fuse.
TPS259470LRPWR,Texas Instruments,U101,"2.7-23V eFuse, latch-off L variant, adjustable current limit; RPW 10-pin 2x2mm",1,1,,6,0,543,1,Active / listed for sale,https://www.digikey.com/en/products/detail/texas-instruments/TPS259470LRPWR/14124014,https://www.digikey.cn/zh/products/detail/texas-instruments/TPS259470LRPWR/14124014,2026-09-17,yesterday,PUBLIC_STOCK_SNAPSHOT,https://www.ti.com/lit/ds/symlink/tps25947.pdf,web_reader_page,NOMINAL_RATINGS_REVIEWED,R105 sets a nominal 2.69 A current limit. OVLO is approximately 14.4 V. U509 monitors post-eFuse VIN12 without clearing RUN_LATCH. Intrinsic UVLO/OVLO can recover if control power and the latch survive; FLT events still clear the latch. Connect ILM only to local R105; keep parasitic capacitance below 50 pF. Verify inrush and rapid interruption.
WSL2512R0100FEA,Vishay,R301,"10mOhm +/-1%, 1W at70C, +/-75ppm/C, 2512; two terminals, PCB Kelvin sensing",1,1,,10,0,120777,1,Active / listed for sale,https://www.digikey.com/en/products/detail/vishay-dale/WSL2512R0100FEA/712561,https://www.digikey.cn/zh/products/detail/vishay-dale/WSL2512R0100FEA/712561,2026-09-17,today,PUBLIC_STOCK_SNAPSHOT,https://www.vishay.com/docs/30100/wsl.pdf,web_reader_page,NOMINAL_RATINGS_REVIEWED,I/O current shunt; nominal dissipation is 10 mW at 1 A. Use independent Kelvin traces from the two-terminal pads and calibrate temperature dependence.
GRM32EC81E226KE15L,Murata,C104 C205 C206 C207 C208,22uF +/-10% 25V X6S 1210; DC-bias/effective capacitance to be qualified,5,5,,30,0,11490,1,Active / listed for sale,https://www.digikey.com/en/products/detail/murata-electronics/GRM32EC81E226KE15L/2039089,https://www.digikey.cn/zh/products/detail/murata-electronics/GRM32EC81E226KE15L/2039089,2026-09-17,last week,PUBLIC_STOCK_SNAPSHOT,https://www.farnell.com/datasheets/2048738.pdf,search_index_snapshot,NOMINAL_RATINGS_REVIEWED,"VIN12 decoupling. Evaluate effective capacitance at operating bias, ripple current, and input-network resonance."
TPS54302DDCR,Texas Instruments,U102,"4.5-28V input, adjustable synchronous buck, 3A IC rating, 400kHz, DDC SOT23-6",1,1,,6,0,13871,1,Active / listed for sale,https://www.digikey.com/en/products/detail/texas-instruments/TPS54302DDCR/6572466,https://www.digikey.cn/zh/products/detail/texas-instruments/TPS54302DDCR/6572466,2026-09-17,yesterday,PUBLIC_STOCK_SNAPSHOT,https://www.ti.com/lit/ds/symlink/tps54302.pdf,web_reader_page,NOMINAL_RATINGS_REVIEWED,AUX regulator with a nominal 4.96 V output. EN is left floating as permitted by the datasheet. Verify the fitted input/output network on the board.
TPS546B24ARVFR,Texas Instruments,U201,"2.95-18V input, 20A IC rating, PMBus; 0.25-3V across selected loop scales; RVF40 plus EP",1,1,,6,0,1394,1,Active / listed for sale,https://www.digikey.com/en/products/detail/texas-instruments/TPS546B24ARVFR/13280055,https://www.digikey.cn/zh/products/detail/texas-instruments/TPS546B24ARVFR/13280055,2026-09-17,last week,PUBLIC_STOCK_SNAPSHOT,https://www.ti.com/lit/ds/symlink/tps546b24a.pdf,web_reader_page,NOMINAL_RATINGS_REVIEWED,Core regulator for the 0.30-1.20 V fixture range. The board continuous-current design target is 10 A. Program and read back compensation and protection for the fitted 12+12 or 16+16 capacitor population before enabling.
WSL25121L000FEA,Vishay,R201,"1mOhm +/-1%, 1W at70C, +/-275ppm/C, 2512; two terminals, PCB Kelvin sensing",1,1,,10,0,9930,1,Active / listed for sale,https://www.digikey.com/en/products/detail/vishay-dale/WSL25121L000FEA/712551,https://www.digikey.cn/zh/products/detail/vishay-dale/WSL25121L000FEA/712551,2026-09-17,last week,PUBLIC_STOCK_SNAPSHOT,https://www.vishay.com/docs/30100/wsl.pdf,web_reader_page,NOMINAL_RATINGS_REVIEWED,Core current shunt before the feedback endpoint. Nominal drop and dissipation at 10 A are 10 mV and 0.10 W. Calibrate resistance and temperature dependence.
TPS62131RGTR,Texas Instruments,U301,"FIXED1.8V synchronous buck, 3-17V input, 3A IC rating; RGT16 plus EP; NOT TPS62133",1,1,,6,0,2077,1,Active / listed for sale,https://www.digikey.com/en/products/detail/texas-instruments/TPS62131RGTR/2833430,https://www.digikey.cn/zh/products/detail/texas-instruments/TPS62131RGTR/2833430,2026-09-17,last week,PUBLIC_STOCK_SNAPSHOT,https://www.ti.com/lit/ds/symlink/tps62130.pdf,web_reader_page,NOMINAL_RATINGS_REVIEWED,Fixed 1.8 V I/O regulator with a 1 A provisioned load budget. Do not substitute the 5 V TPS62133. U508 generates IO_VALID. EN is supplied from local VIN12 through the Q301/Q302 interface; verify VIN-relative pin limits during startup and rapid power loss.
SRP5030T-2R2M,Bourns,L301,"2.2uH +/-20%, DCR35mOhm max, Irms5.5A, Isat9A at20% L drop, 5x5x3mm",1,1,,6,0,7244,1,Active / listed for sale,https://www.mouser.com/en/ProductDetail/Bourns/SRP5030T-2R2M?qs=Zq5ylnUbLm6RM9tJHvHtzA%3D%3D,https://www.mouser.cn/ProductDetail/Bourns/SRP5030T-2R2M?qs=Zq5ylnUbLm6RM9tJHvHtzA%3D%3D,2026-09-17,6 days ago,PUBLIC_STOCK_SNAPSHOT,https://www.bourns.com/docs/Product-Datasheets/SRP5030T.pdf,web_reader_page,NOMINAL_RATINGS_REVIEWED,"2.2 uH I/O inductor. Verify ripple, peak current, inductance under bias, and temperature rise at the actual operating point."
SC0915,Raspberry Pi,U401,"Original Raspberry Pi Pico RP2040, bare headers; VSYS1.8-5.5V, GPIO3.3V; 40-pin 2.54mm",1,1,,6,0,42985,1,Active / listed for sale,https://www.digikey.com/en/products/detail/raspberry-pi/SC0915/13624793,https://www.digikey.cn/zh/products/detail/raspberry-pi/SC0915/13624793,2026-09-17,today,PUBLIC_STOCK_SNAPSHOT,https://datasheets.raspberrypi.com/pico/pico-datasheet.pdf,web_reader_page,NOMINAL_RATINGS_REVIEWED,Pico is a command-only USB interface. Only GP0/GP1 connect through ISO1640 side2; other GPIO/ADC pins are NC. Its3V3 only powers isolator side2 and local pullups. Board LDO U901 and U903 hold power/reset state; boot/rejoin/idle/USB errors must not mutate that state. Explicit commands only.
TL3342F160QG/TR,E-Switch,SW502 SW601,"Momentary NO SMT switch, 50mA at12VDC, 160gf, -20 to70C; tape/reel suffix /TR",2,2,,12,0,75264,1,Active / listed for sale,https://www.digikey.com/en/products/detail/e-switch/TL3342F160QG-TR/379004,https://www.digikey.cn/zh/products/detail/e-switch/TL3342F160QG-TR/379004,2026-09-17,yesterday,PUBLIC_STOCK_SNAPSHOT,https://configured-product-images.s3.amazonaws.com/Datasheets/TL3342.pdf,web_reader_page,NOMINAL_RATINGS_REVIEWED,Momentary STOP and DUT RESET buttons. STOP clears the run latch; DUT RESET leaves the rails enabled. Keep local operating temperature within the 70 C switch rating.
TLV3011AIDBVR,Texas Instruments,U501 U508 U509 U1002,"1.8-5.5V comparator, OPEN-DRAIN, 1.242V reference; DBV SOT23-6",4,4,,24,0,4957,1,Active / listed for sale,https://www.digikey.com/en/products/detail/texas-instruments/TLV3011AIDBVR/1678198,https://www.digikey.cn/zh/products/detail/texas-instruments/TLV3011AIDBVR/1678198,2026-09-17,3 days ago,PUBLIC_STOCK_SNAPSHOT,https://www.ti.com/lit/ds/symlink/tlv3011.pdf,web_reader_page,NOMINAL_RATINGS_REVIEWED,"U501 core OVP clears the power latch. U508 IO_VALID and U509 VIN12_VALID are independent telemetry only. Nominal thresholds are 1.319 V, 1.626 V, and 10.333 V. Evaluate tolerance, propagation delay, and temperature dependence."
TPS3808G33DBVR,Texas Instruments,U502,"0.9-6.5V supervisor, G33 threshold3.07V, open-drain reset, CT100k pullup sets300ms nominal (180-420ms); DBV6",1,1,,6,0,20208,1,Active / listed for sale,https://www.digikey.com/en/products/detail/texas-instruments/TPS3808G33DBVR/666727,https://www.digikey.cn/zh/products/detail/texas-instruments/TPS3808G33DBVR/666727,2026-09-17,today,PUBLIC_STOCK_SNAPSHOT,https://www.ti.com/lit/ds/symlink/tps3808.pdf,web_reader_page,NOMINAL_RATINGS_REVIEWED,"Independent3V3_CTRL supervisor clears RUN_LATCH on control brownout. CT pin4 connects through R1001=100k to3V3_CTRL for180ms minimum/300ms nominal/420ms maximum startup release delay, providing margin over TMP302 typical35ms startup; qualify hot-start corners."
SN74LVC1G74DCUR,Texas Instruments,U503,1.65-5.5V D flip-flop with asynchronous clear/preset; DCU VSSOP8 0.5mm pitch,1,1,,6,0,40331,1,Active / listed for sale,https://www.digikey.com/en/products/detail/texas-instruments/SN74LVC1G74DCUR/2195376,https://www.digikey.cn/zh/products/detail/texas-instruments/SN74LVC1G74DCUR/2195376,2026-09-17,yesterday,PUBLIC_STOCK_SNAPSHOT,https://www.ti.com/lit/ds/symlink/sn74lvc1g74.pdf,web_reader_page,NOMINAL_RATINGS_REVIEWED,DCU pin 5 Q drives RUN_LATCH; pin 3 Q-bar is unconnected. CLR pin 6 and PRE pin 7 are active low; D and PRE are tied high. An explicit ON command or a commanded operating-range change generates one U903 P03 RUN_SET rising edge after startup checks. STOP and hardware faults clear the latch asynchronously; fault recovery alone must not issue another set pulse.
SN74LVC2G17DBVT,Texas Instruments,U507,1.65-5.5V dual Schmitt buffer; DBV SOT23-6; T reel packaging,1,1,,6,0,22492,1,Active / listed for sale,https://www.digikey.com/en/products/detail/texas-instruments/SN74LVC2G17DBVT/1592283,https://www.digikey.cn/zh/products/detail/texas-instruments/SN74LVC2G17DBVT/1592283,2026-09-17,2 days ago,PUBLIC_STOCK_SNAPSHOT,https://www.ti.com/lit/ds/symlink/sn74lvc2g17.pdf,web_reader_page,NOMINAL_RATINGS_REVIEWED,3.3 V Schmitt buffering: channel 1 conditions U903 P03 RUN_SET into RUN_SET_CLEAN; channel 2 conditions open-drain HW_FAULT_N into HW_CLEAR_N. R507 keeps RUN_SET low while U903 P03 is high impedance.
74LVC08AT14-13,Diodes Incorporated,U504,"1.65-5.5V quad 2-input AND; TSSOP-14 4.4x5mm body, 0.65mm pitch; Ioff; -40..125C",1,1,,6,0,,,Listed by manufacturer; inventory not checked,https://www.diodes.com/part/view/74LVC08A,,2026-09-19,Manufacturer datasheet checked 2026-09-19; distributor inventory not checked,MANUFACTURER_SPEC_VERIFIED_STOCK_NOT_CHECKED,https://www.diodes.com/datasheet/download/74LVC08A.pdf,manufacturer_web_page_and_datasheet,PINMAP_DRIVE_AND_IOFF_REVIEWED_WITH_TRANSIENT_AND_TEMPERATURE_HOLDS,"U504 gates only the two supply requests with RUN_LATCH. Pins 1/2/3 qualify CORE_REQ; 4/5/6 qualify IO_REQ. Unused inputs 9/10/12/13 are grounded, outputs 8/11 unconnected, pin 7 ground and 14 3V3_CTRL. Datasheet DS35261 Rev.4-2: at VCC=3V, VOH >=2.3V at -12mA through 85C (>=2.1V through 125C); at -24mA, >=2.2V/2.0V. R307=270 ohm can draw 13.5mA at 3.6V and -1% tolerance; the conservative 24mA level exceeds Q301's 1.8V gate-drive test point. Q301 full-temperature and transient performance still require board verification. At VCC=0, Ioff <=10uA through 85C or <=20uA through 125C with VI/VO up to 3.6V; existing output pull-downs remain required. Same pin numbers do not establish equivalent power-off behavior for another manufacturer."
280-5205-01,3M,J1,80-pin QFN 12x12mm 0.5mm pitch WITH thermal probe; 3M drawing 78-5100-2476-9 rev B; current/SI rating requires qualification,1,1,,6,0,21,1,Active / listed for sale,https://www.digikey.hk/zh/products/detail/3m/280-5205-01/3133927,https://www.digikey.cn/zh/products/detail/3m/280-5205-01/3133927,2026-09-17,today,QUOTE_REQUIRED_STOCK_VARIANCE,https://multimedia.3m.com/mws/media/785852O/3m-tm-textool-tm-open-top-sockets-for-qfn-applications-cd2476.pdf,search_index_snapshot,HOLD_CURRENT_AND_2GHZ_QUALIFICATION,"QFN80 socket for the specified pinout. Verify package fit, actuation clearance, support regions, and probe access against the manufacturer drawing."
132134,Amphenol RF,J5,"Amphenol SMA straight PCB through-hole JACK, 50Ohm, manufacturer maximum18GHz; not -10/-11/-15 variants",1,1,,6,0,23952,1,Active / listed for sale,https://www.digikey.com/en/products/detail/amphenol-rf/132134/1011907,https://www.digikey.cn/zh/products/detail/amphenol-rf/132134/1011907,2026-09-17,today,PUBLIC_STOCK_SNAPSHOT,https://www.amphenolrf.com/zh-cn/part/132134/662/,web_reader_page,NOMINAL_RATINGS_REVIEWED,"SMA clock input. Evaluate the connector transition, PCB trace, socket, and package as one signal path."
TCJD337M006R0012E,KYOCERA AVX,C701 C702 C703 C704 C705 C706 C707 C708 C761 C762 C763 C764 C765 C766 C767 C768,"330uF +/-20%, 6.3V polymer tantalum, ESR12mOhm MAX at100kHz; D case; Tmax105C; Irms4.3/3.0/1.9A at45/85/105C; stripe=positive",16,12,C704 C708 C764 C768,72,24,500,1,Active / listed for sale,https://www.mouser.com/en/ProductDetail/KYOCERA-AVX/TCJD337M006R0012E?qs=rkhjVJ6%2F3EIeaFnJOljhXA%3D%3D,https://www.mouser.cn/ProductDetail/KYOCERA-AVX/TCJD337M006R0012E?qs=rkhjVJ6%2F3EIeaFnJOljhXA%3D%3D,2026-09-17,3 weeks ago,PUBLIC_STOCK_SNAPSHOT,https://datasheets.kyocera-avx.com/TCJ.pdf,search_index_snapshot,NOMINAL_RATINGS_REVIEWED,Fit 12 of 16 polymer positions by default. C704/C708/C764/C768 are DNP. Match controller compensation to the fitted population. The stripe marks the positive terminal.
SRP7028A-100M,Bourns,L101,10uH +/-20%; DCR85mOhm max; Irms3.5A; Isat6A (20% drop); 7.3x6.6x3.0mm,1,1,,6,0,6604,1,Active / listed for sale,https://www.digikey.com/en/products/detail/bourns-inc/SRP7028A-100M/4876641,https://www.digikey.cn/zh/products/detail/bourns-inc/SRP7028A-100M/4876641,2026-09-17,last week,PUBLIC_STOCK_SNAPSHOT,https://www.bourns.com/docs/Product-Datasheets/SRP7028A.pdf,web_reader_page,NOMINAL_RATINGS_REVIEWED,"AUX output inductor. Verify ripple, peak current, and temperature rise with the actual controller and accessory load."
XAL1030-561MEC,Coilcraft,L201,0.56uH +/-20%; DCR2.75mOhm max; Isat44A (30% drop); Irms23A/32A (20C/40C rise); 11.3x10x3.1mm,1,1,,6,0,180,1,Active / listed for sale,https://www.mouser.com/ProductDetail/Coilcraft/XAL1030-561MEC?qs=zCSbvcPd3pYdubMuVAT72A%3D%3D,https://www.mouser.cn/ProductDetail/Coilcraft/XAL1030-561MEC?qs=zCSbvcPd3pYdubMuVAT72A%3D%3D,2026-09-17,2 months ago,PUBLIC_STOCK_SNAPSHOT,https://www.coilcraft.com/getmedia/7b108457-7731-456d-9256-ca72f2e1a551/xal1030.pdf,search_index_snapshot,NOMINAL_RATINGS_REVIEWED,"0.56 uH core inductor. At 10 A, DC copper loss calculated from the 2.75 milliohm maximum DCR is 0.275 W. Measure total loss, temperature, and inductance under bias."
INA226AIDGSR,Texas Instruments,U302 U303,"2.7-5.5V supply, 0-36V common-mode, +/-81.92mV shunt ADC, DGS10; INA226 register map",2,2,,12,0,92158,1,Active / listed for sale,https://www.digikey.cn/zh/products/detail/texas-instruments/INA226AIDGSR/2687236,https://www.digikey.cn/zh/products/detail/texas-instruments/INA226AIDGSR/2687236,2026-09-17,last week,PUBLIC_STOCK_SNAPSHOT,https://www.ti.com/lit/ds/symlink/ina226.pdf,web_reader_page,NOMINAL_RATINGS_REVIEWED,Core and I/O telemetry. Configuration 0x4297 gives a nominal 2.656 ms averaged update period. Use an oscilloscope for individual kernel transients.
CL32A107MQVNNWE,Samsung Electro-Mechanics,C711 C712 C713 C714 C715 C716 C717 C718 C771 C772 C773 C774 C775 C776 C777 C778,100uF +/-20% 6.3V X5R 1210; max thickness2.8mm; bias/thermal effective capacitance needs qualification,16,12,C714 C718 C774 C778,72,24,9651,1,Active / listed for sale,https://www.digikey.com/en/products/detail/samsung-electro-mechanics/CL32A107MQVNNWE/3889024,https://www.digikey.cn/zh/products/detail/samsung-electro-mechanics/CL32A107MQVNNWE/3889024,2026-09-17,last week,PUBLIC_STOCK_SNAPSHOT,https://product.samsungsem.com/mlcc/CL32A107MQVNNW.do,web_reader_page,NOMINAL_RATINGS_REVIEWED,Fit 12 of 16 large-MLCC positions by default. C714/C718/C774/C778 are DNP. Determine effective capacitance at the actual voltage and temperature.
SS14-E3/61T,Vishay,D401,1A 40V Schottky SMA; pad1=cathode VSYS; pad2=anode AUX5V,1,1,,6,0,98297,1,Active / listed for sale,https://www.digikey.in/en/products/detail/vishay-general-semiconductor-diodes-division/SS14-E3-61T/1091538,https://www.digikey.cn/zh/products/detail/vishay-general-semiconductor-diodes-division/SS14-E3-61T/1091538,2026-09-17,last week,PUBLIC_STOCK_SNAPSHOT,https://www.vishay.com/docs/88746/ss12.pdf,web_reader_page,NOMINAL_RATINGS_REVIEWED,AUX5V-to-Pico VSYS diode. Cathode pad 1 connects to VSYS. Check forward drop and temperature at the actual controller load.
MMBT3904-7-F,Diodes Incorporated,Q601,"NPN SOT23; pin1=B, pin2=E, pin3=C",1,1,,6,0,755229,1,Active / listed for sale,https://www.digikey.com/en/products/detail/diodes-incorporated/MMBT3904-7-F/814494,https://www.digikey.cn/zh/products/detail/diodes-incorporated/MMBT3904-7-F/814494,2026-09-17,today,PUBLIC_STOCK_SNAPSHOT,https://www.diodes.com/assets/Datasheets/MMBT3904.pdf,web_reader_page,NOMINAL_RATINGS_REVIEWED,"DUT reset pull-down transistor; B/E/C are pins 1/2/3. R603 biases its base from VIO so valid VIO defaults to released reset. SW601, U601 or Q602 sinks RESET_BASE to assert reset through R602. Nominal collector load is 0.18 mA; nominal net base current is about 44 uA at VIO=1.8 V and VBE=0.7 V. Verify reset levels and edges on the assembled board."
RC0603FR-0778K7L,YAGEO,R101,78.7k +/-1% 0.1W 0603 thick film; +/-100ppm/C,1,1,,10,0,73531,1,Active / listed for sale,https://www.digikey.com/en/products/detail/yageo/RC0603FR-0778K7L/727386,https://www.digikey.cn/zh/products/detail/yageo/RC0603FR-0778K7L/727386,2026-09-17,4 weeks ago,PUBLIC_STOCK_SNAPSHOT,https://yageogroup.com/component-documentation/download/specsheet/RC0603FR-0778K7L,web_reader_page,NOMINAL_RATINGS_REVIEWED,Input UVLO upper divider resistor. Include its 1% tolerance in threshold evaluation.
RC0603FR-0710KL,YAGEO,R102 R104 R108 R207 R211 R302 R306 R403 R404 R506 R507 R513 R515 R516 R602 R1004 R1005 R1006 R1007 R1008 R1009,10k +/-1% 0.1W 0603 thick film; +/-100ppm/C,21,21,,126,0,1706112,1,Active / listed for sale,https://www.digikey.com/en/products/detail/yageo/RC0603FR-0710KL/726880,https://www.digikey.cn/zh/products/detail/yageo/RC0603FR-0710KL/726880,2026-09-17,today,PUBLIC_STOCK_SNAPSHOT,https://yageogroup.com/component-documentation/download/specsheet/RC0603FR-0710KL,web_reader_page,NOMINAL_RATINGS_REVIEWED,"Pull-ups, divider resistors, and logic bias. R306 biases IO_EN_INHIBIT from VIN12. R507 holds RUN_SET low while U903 P03 is high impedance. Check dissipation at maximum input voltage. R516 pulls the independent VIN12_VALID monitor output high; it is not on the fault bus."
RC0603FR-07110KL,YAGEO,R103,110k +/-1% 0.1W 0603 thick film; +/-100ppm/C,1,1,,10,0,203528,1,Active / listed for sale,https://www.digikey.com/en/products/detail/yageo/RC0603FR-07110KL/726905,https://www.digikey.cn/zh/products/detail/yageo/RC0603FR-07110KL/726905,2026-09-17,2 days ago,PUBLIC_STOCK_SNAPSHOT,https://yageogroup.com/component-documentation/download/specsheet/RC0603FR-07110KL,web_reader_page,NOMINAL_RATINGS_REVIEWED,Input OVLO upper divider resistor. Evaluate the resulting threshold with device and resistor tolerances.
RC0603FR-071K24L,YAGEO,R105 R503,1.24k +/-1% 0.1W 0603 thick film; +/-100ppm/C,2,2,,12,0,40979,1,Active / listed for sale,https://www.digikey.com/en/products/detail/yageo/RC0603FR-071K24L/726856,https://www.digikey.cn/zh/products/detail/yageo/RC0603FR-071K24L/726856,2026-09-17,5 months ago,PUBLIC_STOCK_SNAPSHOT,https://yageogroup.com/component-documentation/download/specsheet/RC0603FR-071K24L,web_reader_page,NOMINAL_RATINGS_REVIEWED,R105 sets eFuse current limit. R503 forms the core OVP divider with R504. Route OVP sense independently from the socket supply plane.
RC0603FR-0773K2L,YAGEO,R107 R514,73.2k +/-1% 0.1W 0603 thick film; +/-100ppm/C,2,2,,12,0,11442,1,Active / listed for sale,https://www.digikey.com/en/products/detail/yageo/RC0603FR-0773K2L/727374,https://www.digikey.cn/zh/products/detail/yageo/RC0603FR-0773K2L/727374,2026-09-17,2 weeks ago,PUBLIC_STOCK_SNAPSHOT,https://yageogroup.com/component-documentation/download/specsheet/RC0603FR-0773K2L,web_reader_page,NOMINAL_RATINGS_REVIEWED,R107 sets AUX output voltage. R514 forms the post-eFuse input detector divider with R515; nominal threshold 10.333 V.
RC0603FR-0710RL,YAGEO,R202 R310 R311 R320 R321,10R +/-1% 0.1W 0603 thick film; +/-200ppm/C,5,5,,30,0,17164,1,Active / listed for sale,https://www.digikey.com/en/products/detail/yageo/RC0603FR-0710RL/726879,https://www.digikey.cn/zh/products/detail/yageo/RC0603FR-0710RL/726879,2026-09-17,today,PUBLIC_STOCK_SNAPSHOT,https://yageogroup.com/component-documentation/download/specsheet/RC0603FR-0710RL,web_reader_page,NOMINAL_RATINGS_REVIEWED,Core AVIN damping and core/I/O INA226 differential input filters. Place monitor filter components close to their ICs.
AC0603FR-0712K1L,YAGEO,R204 R208,"12.1kOhm +/-1%, 0.1W at70C, +/-100ppm/C, 0603; automotive AC series, same strap value",2,2,,12,0,97632,1,Active / listed for sale,https://www.digikey.com/en/products/detail/yageo/AC0603FR-0712K1L/5895768,https://www.digikey.cn/zh/products/detail/yageo/AC0603FR-0712K1L/5895768,2026-09-17,4 days ago,PUBLIC_STOCK_SNAPSHOT,https://yageogroup.com/component-documentation/download/specsheet/AC0603FR-0712K1L,search_index_snapshot,NOMINAL_RATINGS_REVIEWED,"R204/MSEL1 and R208/VSEL strap resistors. Preserve the specified resistance, tolerance, and package."
RC0603FR-0721K5L,YAGEO,R205 R603,21.5k +/-1% 0.1W 0603 thick film; +/-100ppm/C,2,2,,12,0,766092,1,Active / listed for sale,https://www.digikey.com/en/products/detail/yageo/RC0603FR-0721K5L/729997,https://www.digikey.cn/zh/products/detail/yageo/RC0603FR-0721K5L/729997,2026-09-17,3 months ago,PUBLIC_STOCK_SNAPSHOT,https://yageogroup.com/component-documentation/download/specsheet/RC0603FR-0721K5L,web_reader_page,NOMINAL_RATINGS_REVIEWED,R205 sets the MSEL1 startup strap. R603 biases Q601 from VIO for default reset release and limits the explicit reset sink current. Verify DUT reset high/low levels and remote-reset timing.
RC0603FR-0719K6L,YAGEO,R206,19.6k +/-1% 0.1W 0603 thick film; +/-100ppm/C,1,1,,10,0,20375,1,Active / listed for sale,https://www.digikey.com/en/products/detail/yageo/RC0603FR-0719K6L/727003,https://www.digikey.cn/zh/products/detail/yageo/RC0603FR-0719K6L/727003,2026-09-17,today,PUBLIC_STOCK_SNAPSHOT,https://yageogroup.com/component-documentation/download/specsheet/RC0603FR-0719K6L,web_reader_page,NOMINAL_RATINGS_REVIEWED,MSEL2 upper strap resistor for the configured startup behavior. Preserve its 1% tolerance.
RC0603FR-074K64L,YAGEO,R209,4.64k +/-1% 0.1W 0603 thick film; +/-100ppm/C,1,1,,10,0,73230,1,Active / listed for sale,https://www.digikey.com/en/products/detail/yageo/RC0603FR-074K64L/727211,https://www.digikey.cn/zh/products/detail/yageo/RC0603FR-074K64L/727211,2026-09-17,last week,PUBLIC_STOCK_SNAPSHOT,https://yageogroup.com/component-documentation/download/specsheet/RC0603FR-074K64L,web_reader_page,NOMINAL_RATINGS_REVIEWED,R209 connects ADRSEL to ground with no upper resistor. The 4.64 kohm value selects 7-bit PMBus address 0x10 and automatic SYNC detection.
RC0603FR-07100KL,YAGEO,R210 R408 R411 R509 R510 R604 R903 R1001,100k +/-1% 0.1W 0603 thick film; +/-100ppm/C,8,8,,48,0,1291514,1,Active / listed for sale,https://www.digikey.com/en/products/detail/yageo/RC0603FR-07100KL/726889,https://www.digikey.cn/zh/products/detail/yageo/RC0603FR-07100KL/726889,2026-09-17,today,PUBLIC_STOCK_SNAPSHOT,https://yageogroup.com/component-documentation/download/specsheet/RC0603FR-07100KL,web_reader_page,NOMINAL_RATINGS_REVIEWED,Control pull-downs and NTC divider. Use the specified resistance and tolerance. R411 holds RESET_ASSERT low when U903 P02 is high impedance; place it beside Q602.
RC0603FR-072K2L,YAGEO,R401 R402 R901 R902,2.2k +/-1% 0.1W 0603 thick film; +/-100ppm/C,4,4,,24,0,498300,1,Active / listed for sale,https://www.digikey.in/en/products/detail/yageo/RC0603FR-072K2L/727016,https://www.digikey.cn/zh/products/detail/yageo/RC0603FR-072K2L/727016,2026-09-17,last week,PUBLIC_STOCK_SNAPSHOT,https://yageogroup.com/component-documentation/download/specsheet/RC0603FR-072K2L,web_reader_page,NOMINAL_RATINGS_REVIEWED,3.3 V I2C pull-ups. Nominal low-state current is 1.5 mA per line. Measure rise time with the installed bus capacitance.
RC0603FR-0749R9L,YAGEO,R601,49.9R +/-1% 0.1W 0603 thick film; +/-100ppm/C,1,0,R601,0,6,471025,1,Active / listed for sale,https://www.digikey.com/en/products/detail/yageo/RC0603FR-0749R9L/727264,https://www.digikey.cn/zh/products/detail/yageo/RC0603FR-0749R9L/727264,2026-09-17,yesterday,PUBLIC_STOCK_SNAPSHOT,https://yageogroup.com/component-documentation/download/specsheet/RC0603FR-0749R9L,web_reader_page,NOMINAL_RATINGS_REVIEWED,"R601 clock termination; DNP by default. Confirm source configuration, receiver amplitude, and driver loading before fitting."
RT0603BRD076K19L,YAGEO,R511,6.19kOhm +/-0.1% 0.1W 0603 thin film; 25ppm/C,1,1,,10,0,10000,1,Active / listed for sale,https://www.digikey.com/en/products/detail/yageo/RT0603BRD076K19L/1072628,https://www.digikey.cn/zh/products/detail/yageo/RT0603BRD076K19L/1072628,2026-09-17,last month,PUBLIC_STOCK_SNAPSHOT,https://yageogroup.com/component-documentation/download/specsheet/RT0603BRD076K19L,web_reader_page,NOMINAL_RATINGS_REVIEWED,R511 forms the I/O-valid divider with R512; nominal threshold 1.626 V.
RT0603BRD0720KL,YAGEO,R504 R512 R1003,20kOhm +/-0.1% 0.1W 0603 thin film; 25ppm/C,3,3,,18,0,86457,1,Active / listed for sale,https://www.digikey.com/en/products/detail/yageo/RT0603BRD0720KL/5139030,https://www.digikey.cn/zh/products/detail/yageo/RT0603BRD0720KL/5139030,2026-09-17,4 days ago,PUBLIC_STOCK_SNAPSHOT,https://yageogroup.com/component-documentation/download/specsheet/RT0603BRD0720KL,web_reader_page,NOMINAL_RATINGS_REVIEWED,"R504 is the core OVP lower resistor; R512 is the I/O-valid lower resistor. Include reference, offset, and resistor tolerances in threshold evaluation."
RC1206FR-071RL,YAGEO,R203,1Ohm +/-1% 0.25W 1206; snubber tuning required; +/-200ppm/C; rated at70C,1,1,,10,0,223509,1,Active / listed for sale,https://www.digikey.com/en/products/detail/yageo/RC1206FR-071RL/728386,https://www.digikey.cn/zh/products/detail/yageo/RC1206FR-071RL/728386,2026-09-17,2 days ago,PUBLIC_STOCK_SNAPSHOT,https://yageogroup.com/component-documentation/download/specsheet/RC1206FR-071RL,web_reader_page,NOMINAL_RATINGS_REVIEWED,"Switch-node snubber resistor. Determine pulse dissipation, temperature, and damping from measured ringing."
ERJ-P06F47R0V,Panasonic,R212,"47Ohm +/-1%, 0.5W, +/-100ppm/C, 0805; core bleed30.6mW at1.2V; thermal derating applies",1,1,,10,0,30000,1,Active / listed for sale,https://www.digikey.com/en/products/detail/panasonic-industry/ERJ-P06F47R0V/21281855,https://www.digikey.cn/zh/products/detail/panasonic-industry/ERJ-P06F47R0V/21281855,2026-09-17,2 months ago,PUBLIC_STOCK_SNAPSHOT,https://industrial.panasonic.com/cdbs/www-data/pdf/RDO0000/AOA0000C331.pdf,web_reader_page,NOMINAL_RATINGS_REVIEWED,R212 core discharge resistor. Nominal dissipation is 30.6 mW at 1.2 V. Confirm measured discharge below 50 mV before changing feedback scale.
ERJ-P06F1000V,Panasonic,R304 R308,"100Ohm +/-1%, 0.5W, +/-100ppm/C, 0805; IO bleed32.4mW at1.8V; thermal derating applies",2,2,,12,0,208504,1,Active / listed for sale,https://www.digikey.com/en/products/detail/panasonic-industry/ERJ-P06F1000V/3982698,https://www.digikey.cn/zh/products/detail/panasonic-industry/ERJ-P06F1000V/3982698,2026-09-17,2 days ago,PUBLIC_STOCK_SNAPSHOT,https://industrial.panasonic.com/cdbs/www-data/pdf/RDO0000/AOA0000C331.pdf,web_reader_page,NOMINAL_RATINGS_REVIEWED,"R304 discharges I/O. R308 limits Q302 gate discharge and coupling into IO_EN. Preserve the 100 ohm, 0.5 W, 0805 specification and verify pulse stress."
NCU18WF104J60RB,Murata,R409,100kOhm NTC +/-5%; B25/50=4250K +/-2%; 0603; board temperature proxy,1,1,,10,0,11243,1,Active / listed for sale,https://www.digikey.com/en/products/detail/murata-electronics/NCU18WF104J60RB/9816018,https://www.digikey.cn/zh/products/detail/murata-electronics/NCU18WF104J60RB/9816018,2026-09-17,6 months ago,PUBLIC_STOCK_SNAPSHOT,https://www.murata.com/-/media/webrenewal/products/thermistor/ntc/ncu/ncu18.ashx?cvid=20240402040000000000&la=en,web_reader_page,NOMINAL_RATINGS_REVIEWED,Board-temperature NTC with a 100 kohm divider resistor. Calibrate the conversion. This sensor does not measure die junction temperature.
C0805C105K5RACTU,KEMET,C101 C105 C204,1uF +/-10% 50V X7R 0805,3,3,,18,0,160046,1,Active / listed for sale,https://www.digikey.com/en/products/detail/kemet/C0805C105K5RACTU/3317443,https://www.digikey.cn/zh/products/detail/kemet/C0805C105K5RACTU/3317443,2026-09-17,2 days ago,PUBLIC_STOCK_SNAPSHOT,https://content.kemet.com/datasheets/KEM_C1002_X7R_SMD.pdf,web_reader_page,NOMINAL_RATINGS_REVIEWED,VIN/AVIN bypass. Evaluate effective capacitance at operating bias and place AVIN filtering close to the regulator.
GRM188R72A104KA35D,Murata,C102 C107 C201 C302 C310 C320 C903 C904 C905 C906 C907 C1001 C1002,100nF +/-10% 100V X7R 0603,13,13,,78,0,1074542,1,Active / listed for sale,https://www.digikey.com/en/products/detail/murata-electronics/GRM188R72A104KA35D/702549,https://www.digikey.cn/zh/products/detail/murata-electronics/GRM188R72A104KA35D/702549,2026-09-17,yesterday,PUBLIC_STOCK_SNAPSHOT,https://search.murata.co.jp/Ceramy/image/img/A01X/G101/ENG/GRM188R72A104KA35-01A.pdf,web_reader_page,NOMINAL_RATINGS_REVIEWED,Input and regulator bypass and monitor supply bypass. Follow local return and placement requirements.
CL10B103KB8NNNC,Samsung Electro-Mechanics,C103 C303 C311 C321,10nF +/-10% 50V X7R 0603,4,4,,24,0,1016897,1,Active / listed for sale,https://www.digikey.com/en/products/detail/samsung-electro-mechanics/CL10B103KB8NNNC/3889095,https://www.digikey.cn/zh/products/detail/samsung-electro-mechanics/CL10B103KB8NNNC/3889095,2026-09-17,5 days ago,PUBLIC_STOCK_SNAPSHOT,https://product.samsungsem.com/mlcc/CL10B103KB8NNN.do,web_reader_page,NOMINAL_RATINGS_REVIEWED,"eFuse slew control, I/O soft start, and INA226 differential filtering. Verify startup timing and monitor response."
CL31B106KLHNFNE,Samsung Electro-Mechanics,C106 C301,"10uF +/-10%, 35V, X7R, 1206, thickness1.6+/-0.2mm; AUX/IO INPUT bypass",2,2,,12,0,98720,1,Active / listed for sale,https://www.digikey.com/en/products/detail/samsung-electro-mechanics/CL31B106KLHNFNE/3888760,https://www.digikey.cn/zh/products/detail/samsung-electro-mechanics/CL31B106KLHNFNE/3888760,2026-09-17,last week,PUBLIC_STOCK_SNAPSHOT,https://product.samsungsem.com/mlcc/CL31B106KLHNFN.do,web_reader_page,NOMINAL_RATINGS_REVIEWED,"C106/C301 VIN12 input bypass: 10 uF, 35 V, X7R, 1206. Check effective capacitance and input-loop placement."
CL21A226MPQNNNE,Samsung Electro-Mechanics,C108 C109 C304 C305 C401,22uF +/-20% 10V X5R 0805,5,5,,30,0,870,1,Active / listed for sale,https://www.digikey.com/en/products/detail/samsung-electro-mechanics/CL21A226MPQNNNE/3890996,https://www.digikey.cn/zh/products/detail/samsung-electro-mechanics/CL21A226MPQNNNE/3890996,2026-09-17,6 days ago,PUBLIC_STOCK_SNAPSHOT,https://product.samsungsem.com/mlcc/CL21A226MPQNNN.do,search_index_snapshot,NOMINAL_RATINGS_REVIEWED,"AUX5V, I/O, and Pico VSYS bypass. Evaluate effective capacitance and the X5R temperature range at the actual operating conditions."
CL21B475KOFNNNE,Samsung Electro-Mechanics,C202 C901 C902,4.7uF +/-10% 16V X7R 0805,3,3,,18,0,613282,1,NRND (Samsung manufacturer page checked2026-09-22); dated distributor stock is separate,https://www.digikey.com/en/products/detail/samsung-electro-mechanics/CL21B475KOFNNNE/3888531,https://www.digikey.cn/zh/products/detail/samsung-electro-mechanics/CL21B475KOFNNNE/3888531,2026-09-17,yesterday,PUBLIC_STOCK_SNAPSHOT,https://product.samsungsem.com/mlcc/CL21B475KOFNNN.do,web_reader_page,NOMINAL_RATINGS_REVIEWED,"C202 bypasses the U201 VDD5 rail. C901/C902 are U901 input/output bypass capacitors;4.7uF nominal,16V,X7R,0805. Ensure each LDO capacitor retains >=1uF effective capacitance over DC bias,tolerance and temperature. Manufacturer marks this exact part NRND; verify procurement or separately qualify a replacement before ordering. Existing distributor stock is a dated observation,not reserved."
CL10B105KP8NNNC,Samsung Electro-Mechanics,C203,1uF +/-10% 10V X7R 0603,1,1,,10,0,171899,1,Active / listed for sale,https://www.digikey.com/en/products/detail/samsung-electro-mechanics/CL10B105KP8NNNC/3890032,https://www.digikey.cn/zh/products/detail/samsung-electro-mechanics/CL10B105KP8NNNC/3890032,2026-09-17,4 days ago,PUBLIC_STOCK_SNAPSHOT,https://product.samsungsem.com/mlcc/CL10B105KP8NNN.do,web_reader_page,NOMINAL_RATINGS_REVIEWED,"BP1V5 bypass. Connect the negative terminal only to DRTN, not board ground."
GRM155R71E472KA01D,Murata,C209,4.7nF +/-10% 25V X7R 0402,1,1,,10,0,239966,1,Active / listed for sale,https://www.digikey.com/en/products/detail/murata-electronics/GRM155R71E472KA01D/587944,https://www.digikey.cn/zh/products/detail/murata-electronics/GRM155R71E472KA01D/587944,2026-09-17,last week,PUBLIC_STOCK_SNAPSHOT,https://search.murata.co.jp/Ceramy/image/img/A01X/G101/ENG/GRM155R71E472KA01-01A.pdf,web_reader_page,NOMINAL_RATINGS_REVIEWED,Local PVIN ceramic bypass. Place close to the regulator power pins with a short return loop.
GRM1885C1H102JA01D,Murata,C210 C306,1nF +/-5% 50V C0G 0603,2,2,,12,0,1170508,1,Active / listed for sale,https://www.digikey.com/en/products/detail/murata-electronics/GRM1885C1H102JA01D/587655,https://www.digikey.cn/zh/products/detail/murata-electronics/GRM1885C1H102JA01D/587655,2026-09-17,2 days ago,PUBLIC_STOCK_SNAPSHOT,https://search.murata.co.jp/Ceramy/image/img/A01X/G101/ENG/GRM1885C1H102JA01-01A.pdf,web_reader_page,NOMINAL_RATINGS_REVIEWED,"C210 forms the switch-node snubber with R203. C306 provides VIN12-to-IO_EN_INHIBIT feedforward. C306 is mandatory at 1 nF C0G, +/-5%; verify startup and input-loss transients."
CL05B104KO5NNNC,Samsung Electro-Mechanics,C502 C503 C504 C506 C508 C509 C510 C741 C742 C743 C744 C745 C746 C747 C748 C749 C750 C751 C752 C753 C754 C755 C756 C821 C822 C823 C824 C825 C826 C827 C828 C829 C830,100nF +/-10% 16V X7R 0402,33,33,,198,0,1690982,1,Active / listed for sale,https://www.digikey.com/en/products/detail/samsung-electro-mechanics/CL05B104KO5NNNC/3889087,https://www.digikey.cn/zh/products/detail/samsung-electro-mechanics/CL05B104KO5NNNC/3889087,2026-09-17,2 days ago,PUBLIC_STOCK_SNAPSHOT,https://product.samsungsem.com/mlcc/CL05B104KO5NNN.do,web_reader_page,NOMINAL_RATINGS_REVIEWED,"Local 100 nF bypass, including one capacitor for consolidated U504 and U509. Keep supply and return connections short."
CL05A105KP5NNNC,Samsung Electro-Mechanics,C721 C722 C723 C724 C725 C726 C727 C728 C729 C730 C731 C732 C733 C734 C735 C736,1uF +/-10% 10V X5R 0402,16,16,,96,0,2143709,1,Active / listed for sale,https://www.digikey.com/en/products/detail/samsung-electro-mechanics/CL05A105KP5NNNC/3886734,https://www.digikey.cn/zh/products/detail/samsung-electro-mechanics/CL05A105KP5NNNC/3886734,2026-09-17,3 days ago,PUBLIC_STOCK_SNAPSHOT,https://product.samsungsem.com/mlcc/CL05A105KP5NNN.do,web_reader_page,NOMINAL_RATINGS_REVIEWED,Sixteen local core 1 uF capacitors. Evaluate effective capacitance and package temperature in the assembled board.
GRM31CR60J476ME19L,Murata,C801 C802,47uF +/-20% 6.3V X5R 1206,2,2,,12,0,107097,1,Active / listed for sale,https://www.digikey.com/en/products/detail/murata-electronics/GRM31CR60J476ME19L/965921,https://www.digikey.cn/zh/products/detail/murata-electronics/GRM31CR60J476ME19L/965921,2026-09-17,3 days ago,PUBLIC_STOCK_SNAPSHOT,https://www.farnell.com/datasheets/1469229.pdf,web_reader_page,RATINGS_REVIEWED_CURRENT_APPROVAL_SHEET_PENDING,I/O bulk decoupling. Confirm the exact ordering code and effective capacitance with the current supplier specification.
CL10A475KO8NNNC,Samsung Electro-Mechanics,C811 C812 C813 C814,4.7uF +/-10% 16V X5R 0603,4,4,,24,0,266104,1,Active / listed for sale,https://www.digikey.com/en/products/detail/samsung-electro-mechanics/CL10A475KO8NNNC/3889870,https://www.digikey.cn/zh/products/detail/samsung-electro-mechanics/CL10A475KO8NNNC/3889870,2026-09-17,4 weeks ago,PUBLIC_STOCK_SNAPSHOT,https://product.samsungsem.com/mlcc/CL10A475KO8NNN.do,web_reader_page,NOMINAL_RATINGS_REVIEWED,Local I/O decoupling. Include bias and temperature dependence in the I/O stability evaluation.
M20-9990246,Harwin,J601 J602,1x2 2.54mm vertical THT male header; tail3mm; square0.64mm,2,2,,12,0,171744,1,Active / listed for sale,https://www.digikey.com/en/products/detail/harwin-inc/M20-9990246/3728226,https://www.digikey.cn/zh/products/detail/harwin-inc/M20-9990246/3728226,2026-09-17,today,PUBLIC_STOCK_SNAPSHOT,https://www.harwin.com/products/M20-9990246,web_reader_page,NOMINAL_RATINGS_REVIEWED,"J601 is for a high-impedance differential probe, not load delivery or a 50 ohm input. J602 remote reset: pin 1 Zed Pmod 3.3 V, pin 2 GPIO low/high-impedance. Pin 2 is not ground."
M20-9990546,Harwin,J401,1x5 2.54mm vertical THT male header; tail3mm; square0.64mm,1,1,,6,0,40796,1,Active / listed for sale,https://www.digikey.ca/en/products/detail/harwin-inc/M20-9990546/3728232,https://www.digikey.cn/zh/products/detail/harwin-inc/M20-9990546/3728232,2026-09-17,last week,PUBLIC_STOCK_SNAPSHOT,https://www.harwin.com/products/M20-9990546,web_reader_page,NOMINAL_RATINGS_REVIEWED,3.3 V PMBus debug connector. External equipment must not drive an unpowered control domain.
M20-9990646,Harwin,J2,1x6 2.54mm vertical THT male header; tail3mm; square0.64mm,1,1,,6,0,18422,1,Active / listed for sale,https://www.digikey.com/en/products/detail/harwin-inc/M20-9990646/3728234,https://www.digikey.cn/zh/products/detail/harwin-inc/M20-9990646/3728234,2026-09-17,yesterday,PUBLIC_STOCK_SNAPSHOT,https://www.harwin.com/products/M20-9990646,web_reader_page,NOMINAL_RATINGS_REVIEWED,Six-pin JTAG connector with 1.8 V VTref. Match external signal levels to the I/O rail.
M20-9981046,Harwin,J6,2x10 2.54mm vertical THT male header; JTAG signal interface with 1.8 V VTref,1,1,,6,0,4729,1,Active / listed for sale,https://www.digikey.com/en/products/detail/harwin-inc/M20-9981046/3728094,https://www.digikey.cn/zh/products/detail/harwin-inc/M20-9981046/3728094,2026-09-17,last week,PUBLIC_STOCK_SNAPSHOT,https://www.harwin.com/products/M20-9981046,web_reader_page,NOMINAL_RATINGS_REVIEWED,"2x10 JTAG connector. Verify pin-1 orientation and cable pinout. It is a signal interface, not a core-power connector."
24.243.1,Changzhou Amass Electronics,J101,"AMASS24.243 series4mm angled single-pole banana socket; RED; 30Vac/60Vdc, max24A, contact resistance<=5mOhm; silver-plated brass, PA insulation; two electrically common solder legs, pitch15.7mm per manufacturer VER2.0.",1,1,,6,0,6345,1,Listed for sale / manufacturer lifecycle unverified,https://www.lcsc.com/product-detail/C7437321.html,https://www.lcsc.com/zh-CN/product-detail/C7437321.html,2026-09-18,2 days ago,PUBLIC_STOCK_SNAPSHOT,https://atta.szlcsc.com/upload/public/pdf/source/20230721/37FAFEEF0E72AB9E7313F8A5C2400A2E.pdf,web_reader_page,NOMINAL_RATINGS_REVIEWED_MECHANICAL_FIT_PENDING,"J101 positive input connector; both pins connect to VIN_RAW. Local footprint pitch is 15.7 mm. Verify the 2.5 mm drill, 3.5 mm pads, and body dimensions against the physical part. Use a full-current supply lead."
24.243.2,Changzhou Amass Electronics,J102,"AMASS24.243 series4mm angled single-pole banana socket; BLACK; 30Vac/60Vdc, max24A, contact resistance<=5mOhm; silver-plated brass, PA insulation; two electrically common solder legs, pitch15.7mm per manufacturer VER2.0.",1,1,,6,0,7290,1,Listed for sale / manufacturer lifecycle unverified,https://www.lcsc.com/product-detail/C7437322.html,https://www.lcsc.com/zh-CN/product-detail/C7437322.html,2026-09-18,2 weeks ago,PUBLIC_STOCK_SNAPSHOT,https://atta.szlcsc.com/upload/public/pdf/source/20230721/37FAFEEF0E72AB9E7313F8A5C2400A2E.pdf,web_reader_page,NOMINAL_RATINGS_REVIEWED_MECHANICAL_FIT_PENDING,"J102 negative input connector; both pins connect to GND. Local footprint pitch is 15.7 mm. Verify the 2.5 mm drill, 3.5 mm pads, and body dimensions against the physical part. Use a full-current return lead."
"TLP293(GB-TPL,E",Toshiba,U601,"GB rank phototransistor optocoupler, SO4 4.55x2.6mm pitch1.27mm; 1=A,2=K,3=E,4=C; VCEsat max0.3V at IF1mA/IC0.2mA,25C",1,1,,6,0,70311,1,Active / listed for sale,https://www.digikey.com/en/products/detail/toshiba-semiconductor-and-storage/TLP293-GB-TPL-E/4562890,https://www.digikey.cn/zh/products/detail/toshiba-semiconductor-and-storage/TLP293-GB-TPL-E/4562890,2026-09-18,last week,PUBLIC_STOCK_SNAPSHOT,https://toshiba.semicon-storage.com/info/docget.jsp?did=14419&prodName=TLP293,web_reader_page,NOMINAL_RATINGS_REVIEWED_WITH_FIRST_BOARD_CHECKS,Remote-reset optocoupler; preserve the GB selection. Input power comes from Zed 3.3 V with a low/high-impedance GPIO return. Collector connects to RESET_BASE and emitter to board ground. Verify levels and timing over the intended temperature range.
RC0603FR-13750RL,YAGEO,R605,"750Ohm +/-1% 0.1W at70C, 0603 thick film, +/-100ppm/C; 13=330mm reel, cut tape MOQ1",1,1,,10,0,28713,1,Active / listed for sale,https://www.mouser.com/en/ProductDetail/YAGEO/RC0603FR-13750RL?qs=KwArPi4cUoiHN45hOOGZqQ%3D%3D,https://www.mouser.cn/ProductDetail/YAGEO/RC0603FR-13750RL?qs=KwArPi4cUoiHN45hOOGZqQ%3D%3D,2026-09-18,last month,PUBLIC_STOCK_SNAPSHOT,https://yageogroup.com/component-documentation/download/specsheet/RC0603FR-13750RL,web_reader_page,NOMINAL_RATINGS_REVIEWED_WITH_FIRST_BOARD_CHECKS,R605 optocoupler LED resistor. Include the applicable ZedBoard Pmod series resistance when checking LED current and GPIO low-state drive.
DMN62D2UQ-7,Diodes Incorporated,Q301 Q302 Q602 Q901,"60V NMOS, +/-20V VGS, SOT23 G1/S2/D3; RDS(on)<=4Ohm atVGS1.8V/25C; -55..150C operating range; full-temperature electrical maxima not generally specified",4,4,,24,0,3406,1,Active / listed for sale,https://www.mouser.com/en/ProductDetail/Diodes-Incorporated/DMN62D2UQ-7?qs=63Lh8XYXgjuv8uFDna9DAA%3D%3D,https://www.mouser.cn/ProductDetail/Diodes-Incorporated/DMN62D2UQ-7?qs=63Lh8XYXgjuv8uFDna9DAA%3D%3D,2026-09-18,2 months ago,PUBLIC_STOCK_SNAPSHOT,https://www.diodes.com/assets/Datasheets/DMN62D2UQ.pdf,web_reader_search_index; direct page open failed,NOMINAL_RATINGS_REVIEWED_WITH_TRANSIENT_AND_TEMPERATURE_HOLDS,"Q301/Q302 I/O-enable interface, G/S/D on pins 1/2/3. Q301 pulls IO_EN_INHIBIT down through R308; Q302 pulls EN down. Fit C306 and C307. Verify local VIN-relative EN limits during startup, enable transitions, and input loss with USB power maintained. Q602 independently sinks RESET_BASE on an explicit high RESET_ASSERT request from U903 P02. R411 holds its gate low by default; place R411 beside Q602. This request does not gate power."
RC1206FR-072K2L,YAGEO,R305,2.2k +/-1% 0.25W at70C 1206 thick film; +/-100ppm/C; -55..155C operating range,1,1,,10,0,37096,1,Active / listed for sale,https://www.digikey.com/en/products/detail/yageo/RC1206FR-072K2L/728624,https://www.digikey.cn/zh/products/detail/yageo/RC1206FR-072K2L/728624,2026-09-18,6 days ago,PUBLIC_STOCK_SNAPSHOT,https://www.yageogroup.com/component-documentation/download/specsheet/RC1206FR-072K2L,web_reader_page,NOMINAL_RATINGS_REVIEWED,"R305 connects VIN12 to IO_EN and forms a divider with R303. Use the specified 0.25 W, 1206 part. At 14.4 V with EN low, dissipation is approximately 95 mW including -1% resistance tolerance."
RC0603FR-07270RL,YAGEO,R303 R307,270Ohm +/-1% 0.1W at70C 0603 thick film; +/-100ppm/C; -55..155C operating range,2,2,,12,0,42191,1,Active / listed for sale,https://www.digikey.com/en/products/detail/yageo/RC0603FR-07270RL/727103,https://www.digikey.cn/zh/products/detail/yageo/RC0603FR-07270RL/727103,2026-09-18,today,PUBLIC_STOCK_SNAPSHOT,https://yageogroup.com/component-documentation/download/specsheet/RC0603FR-07270RL,web_reader_page,NOMINAL_RATINGS_REVIEWED,"R303 is the EN divider lower resistor. R307 pulls IO_EN_CTRL low. At 3.6 V and -1% tolerance, R307 draws approximately 13.5 mA and dissipates 49 mW. Verify logic drive and local temperature; the interface thermal review target is at most 85 C at R307."
GRM1885C2A101JA01D,Murata,C307,100pF +/-5% 100V C0G 0603; -55..125C operating range,1,1,,10,0,75514,1,Not for new designs / distributor stock listed,https://www.digikey.com/en/products/detail/murata-electronics/GRM1885C2A101JA01D/586979,https://www.digikey.cn/zh/products/detail/murata-electronics/GRM1885C2A101JA01D/586979,2026-09-18,last week,PUBLIC_STOCK_SNAPSHOT,https://search.murata.co.jp/Ceramy/image/img/A01X/G101/ENG/GRM1885C2A101JA01-01A.pdf,web_reader_search_index,NOMINAL_RATINGS_REVIEWED,"C307 is mandatory at 100 pF C0G, +/-5%, from IO_EN to ground. Verify startup and command transients with actual parasitics and probe loading. The catalog records this exact part as NRND; qualify any substitution."
TLV75533PDBVR,Texas Instruments,U901,"1.45-5.5V input, fixed3.3V 500mA LDO; DBV SOT23-5; IN1/GND2/EN3/NC4/OUT5",1,1,,6,0,,,Manufacturer orderable part; confirm availability at order,https://www.ti.com/lit/ds/symlink/tlv755p.pdf,https://www.digikey.cn/zh/products?keywords=TLV75533PDBVR,2026-09-22,Manufacturer specification reviewed; distributor stock not checked,STOCK_CHECK_REQUIRED,https://www.ti.com/lit/ds/symlink/tlv755p.pdf,manufacturer_datasheet,PINOUT_AND_APPLICATION_REVIEWED,Board-powered3V3_CTRL from AUX5V; enable tied to AUX5V. Minimum effective input/output capacitance per datasheet. Pico3V3 is a separate domain.
ISO1640BDR,Texas Instruments,U902,"Bidirectional I2C power-domain isolator, SOIC8; VCC1=board, VCC2=Pico; side1 <=80pF",1,1,,6,0,,,Manufacturer orderable part; confirm availability at order,https://www.ti.com/lit/ds/symlink/iso1640.pdf,https://www.digikey.cn/zh/products?keywords=ISO1640BDR,2026-09-22,Manufacturer specification reviewed; distributor stock not checked,STOCK_CHECK_REQUIRED,https://www.ti.com/lit/ds/symlink/iso1640.pdf,manufacturer_datasheet,PINOUT_AND_APPLICATION_REVIEWED,"Board side1 VOLmax0.71V to PMBus VIL0.8V; side2 compatible with RP2040. Each side has separate supply/pullups/bypass; common GND. Verify total bus capacitance, low-level margin and power ramp transitions on hardware."
TCA9535PWR,Texas Instruments,U903,2.3-5.5V 16bit I2C GPIO expander; PW TSSOP24; address0x20,1,1,,6,0,,,Manufacturer orderable part; confirm availability at order,https://www.ti.com/lit/ds/symlink/tca9535.pdf,https://www.digikey.cn/zh/products?keywords=TCA9535PWR,2026-09-22,Manufacturer specification reviewed; distributor stock not checked,STOCK_CHECK_REQUIRED,https://www.ti.com/lit/ds/symlink/tca9535.pdf,manufacturer_datasheet,PINOUT_AND_APPLICATION_REVIEWED,"Retained board-side enable/reset requests. POR all inputs, output latchFFFF: explicit cold init must write safe output before directionFFE0. Pico reconnect is read-only. Unused ports each10k pulldown."
ADS1115IDGSR,Texas Instruments,U904,2-5.5V 16bit delta-sigma ADC; DGS VSSOP10; address0x48; +/-4.096V PGA,1,1,,6,0,,,Manufacturer orderable part; confirm availability at order,https://www.ti.com/lit/ds/symlink/ads1115.pdf,https://www.digikey.cn/zh/products?keywords=ADS1115IDGSR,2026-09-22,Manufacturer specification reviewed; distributor stock not checked,STOCK_CHECK_REQUIRED,https://www.ti.com/lit/ds/symlink/ads1115.pdf,manufacturer_datasheet,PINOUT_AND_APPLICATION_REVIEWED,"AIN0=BOARD_NTC, AIN1=3V3_CTRL; ratio-based local-board temperature telemetry. ADC input loading of100k divider needs calibration. Not the independent thermal protection."
TMP302BDRLR,Texas Instruments,U1001,1.4-3.6V temperature switch; DRL SOT563; B variant75C with TRIPSET1=0/TRIPSET0=1;5C hysteresis,1,1,,6,0,,,Manufacturer orderable part; confirm availability at order,https://www.ti.com/lit/ds/symlink/tmp302.pdf,https://www.digikey.cn/zh/products?keywords=TMP302BDRLR,2026-09-22,Manufacturer specification reviewed; distributor stock not checked,STOCK_CHECK_REQUIRED,https://www.ti.com/lit/ds/symlink/tmp302.pdf,manufacturer_datasheet,PINOUT_AND_APPLICATION_REVIEWED,"Independent board-hotspot shutdown to HW_FAULT_N. Temperature accuracy +/-2C; output startup35ms typical; U502 CT100k pullup holds startup clear180-420ms; qualify hot-start corners. Place at characterized hotspot, not a die-temperature sensor."
RT0603BRD0712K6L,Yageo,R1002,"12.6kOhm +/-0.1%,0.1W,25ppm/C thin-film0603",1,1,,10,0,,,Manufacturer orderable part; confirm availability at order,https://yageogroup.com/content/datasheet/asset/file/PYU-RT_1-TO-0-01_ROHS_L,https://www.digikey.cn/zh/products?keywords=RT0603BRD0712K6L,2026-09-22,Manufacturer specification reviewed; distributor stock not checked,STOCK_CHECK_REQUIRED,https://yageogroup.com/content/datasheet/asset/file/PYU-RT_1-TO-0-01_ROHS_L,manufacturer_datasheet,PINOUT_AND_APPLICATION_REVIEWED,IO overvoltage upper divider; with20k and1.242V reference gives2.02446V nominal. Comparator reference/offset/tolerance apply; this is not a precise2.025V ceiling.
