Reference,Value,MPN,Footprint,DNP,Description,Datasheet
C101,1u / 50V,C0805C105K5RACTU,Sphinx_V2:Capacitor_SMD__C_0805_2012Metric,False,1uF +/-10% 50V X7R 0805,https://content.kemet.com/datasheets/KEM_C1002_X7R_SMD.pdf
C102,100n / 100V,GRM188R72A104KA35D,Sphinx_V2:Capacitor_SMD__C_0603_1608Metric,False,100nF +/-10% 100V X7R 0603,https://search.murata.co.jp/Ceramy/image/img/A01X/G101/ENG/GRM188R72A104KA35-01A.pdf
C103,10n / 50V,CL10B103KB8NNNC,Sphinx_V2:Capacitor_SMD__C_0603_1608Metric,False,10nF +/-10% 50V X7R 0603,https://product.samsungsem.com/mlcc/CL10B103KB8NNN.do
C104,22u / 25V,GRM32EC81E226KE15L,Sphinx_V2:Capacitor_SMD__C_1210_3225Metric,False,Local input ceramic; C205-C208 provide another88u nominal; qualify cable input resonance | 22uF +/-10% 25V X6S 1210; DC-bias/effective capacitance to be qualified,https://www.farnell.com/datasheets/2048738.pdf
C105,1u / 50V,C0805C105K5RACTU,Sphinx_V2:Capacitor_SMD__C_0805_2012Metric,False,1uF +/-10% 50V X7R 0805,https://content.kemet.com/datasheets/KEM_C1002_X7R_SMD.pdf
C106,10u / 35V X7R,CL31B106KLHNFNE,Sphinx_V2:Capacitor_SMD__C_1206_3216Metric,False,"10uF +/-10%, 35V, X7R, 1206, thickness1.6+/-0.2mm; AUX/IO INPUT bypass",https://product.samsungsem.com/mlcc/CL31B106KLHNFN.do
C107,100n / 100V,GRM188R72A104KA35D,Sphinx_V2:Capacitor_SMD__C_0603_1608Metric,False,100nF +/-10% 100V X7R 0603,https://search.murata.co.jp/Ceramy/image/img/A01X/G101/ENG/GRM188R72A104KA35-01A.pdf
C108,22u / 10V,CL21A226MPQNNNE,Sphinx_V2:Capacitor_SMD__C_0805_2012Metric,False,22uF +/-20% 10V X5R 0805,https://product.samsungsem.com/mlcc/CL21A226MPQNNN.do
C109,22u / 10V,CL21A226MPQNNNE,Sphinx_V2:Capacitor_SMD__C_0805_2012Metric,False,22uF +/-20% 10V X5R 0805,https://product.samsungsem.com/mlcc/CL21A226MPQNNN.do
F101,3.15A / 63V,MFU1206FF03150P100,Sphinx_V2:Fuse__Fuse_1206_3216Metric,False,"Vishay MFU; cold R typ37mOhm, pre-arcing I2t typ0.0251A2s. Verify inrush and hot-board derating; eFuse is primary current protection. | 3.15A, 63V, very-fast fuse, 1206; typical cold R37mOhm; P1=1000/reel packaging",https://www.vishay.com/docs/28747/mfuserie.pdf
J101,24.243.1 RED,24.243.1,Sphinx_V2:AMASS_24_243_P15.7mm,False,"AMASS24.243 series4mm angled single-pole banana socket; RED; 30Vac/60Vdc, max24A, contact resistance<=5mOhm; silver-plated brass, PA insulation; two electrically common solder legs, pitch15.7mm per manufacturer VER2.0.",https://atta.szlcsc.com/upload/public/pdf/source/20230721/37FAFEEF0E72AB9E7313F8A5C2400A2E.pdf
J102,24.243.2 BLACK,24.243.2,Sphinx_V2:AMASS_24_243_P15.7mm,False,"AMASS24.243 series4mm angled single-pole banana socket; BLACK; 30Vac/60Vdc, max24A, contact resistance<=5mOhm; silver-plated brass, PA insulation; two electrically common solder legs, pitch15.7mm per manufacturer VER2.0.",https://atta.szlcsc.com/upload/public/pdf/source/20230721/37FAFEEF0E72AB9E7313F8A5C2400A2E.pdf
L101,10u / SRP7028A,SRP7028A-100M,Sphinx_V2:Inductor_SMD__L_Bourns_SRP7028A_7.3x6.6mm,False,"10uH shielded,85mOhm maxDCR; 3.5A Irms,6A Isat; auxiliary rail budget0.6W | 10uH +/-20%; DCR85mOhm max; Irms3.5A; Isat6A (20% drop); 7.3x6.6x3.0mm",https://www.bourns.com/docs/Product-Datasheets/SRP7028A.pdf
R101,78.7k,RC0603FR-0778K7L,Sphinx_V2:Resistor_SMD__R_0603_1608Metric,False,1% | 78.7k +/-1% 0.1W 0603 thick film; +/-100ppm/C,https://yageogroup.com/component-documentation/download/specsheet/RC0603FR-0778K7L
R102,10k,RC0603FR-0710KL,Sphinx_V2:Resistor_SMD__R_0603_1608Metric,False,1% | 10k +/-1% 0.1W 0603 thick film; +/-100ppm/C,https://yageogroup.com/component-documentation/download/specsheet/RC0603FR-0710KL
R103,110k,RC0603FR-07110KL,Sphinx_V2:Resistor_SMD__R_0603_1608Metric,False,1% | 110k +/-1% 0.1W 0603 thick film; +/-100ppm/C,https://yageogroup.com/component-documentation/download/specsheet/RC0603FR-07110KL
R104,10k,RC0603FR-0710KL,Sphinx_V2:Resistor_SMD__R_0603_1608Metric,False,1% | 10k +/-1% 0.1W 0603 thick film; +/-100ppm/C,https://yageogroup.com/component-documentation/download/specsheet/RC0603FR-0710KL
R105,1.24k / 1%,RC0603FR-071K24L,Sphinx_V2:Resistor_SMD__R_0603_1608Metric,False,ILIM=3334/1240=2.69A typ; tolerances keep nominal source below 3A | 1.24k +/-1% 0.1W 0603 thick film; +/-100ppm/C,https://yageogroup.com/component-documentation/download/specsheet/RC0603FR-071K24L
R107,73.2k,RC0603FR-0773K2L,Sphinx_V2:Resistor_SMD__R_0603_1608Metric,False,1% | 73.2k +/-1% 0.1W 0603 thick film; +/-100ppm/C,https://yageogroup.com/component-documentation/download/specsheet/RC0603FR-0773K2L
R108,10k,RC0603FR-0710KL,Sphinx_V2:Resistor_SMD__R_0603_1608Metric,False,1% | 10k +/-1% 0.1W 0603 thick film; +/-100ppm/C,https://yageogroup.com/component-documentation/download/specsheet/RC0603FR-0710KL
U101,TPS259470LRPWR,TPS259470LRPWR,Sphinx_V2:TI_RPW0010A,False,"2.7-23V eFuse, latch-off L variant, adjustable current limit; RPW 10-pin 2x2mm",https://www.ti.com/lit/ds/symlink/tps25947.pdf
U102,TPS54302DDCR,TPS54302DDCR,Sphinx_V2:Package_TO_SOT_SMD__SOT-23-6,False,"4.5-28V input, adjustable synchronous buck, 3A IC rating, 400kHz, DDC SOT23-6",https://www.ti.com/lit/ds/symlink/tps54302.pdf
C201,100n / 100V,GRM188R72A104KA35D,Sphinx_V2:Capacitor_SMD__C_0603_1608Metric,False,100nF +/-10% 100V X7R 0603,https://search.murata.co.jp/Ceramy/image/img/A01X/G101/ENG/GRM188R72A104KA35-01A.pdf
C202,4.7u / 16V,CL21B475KOFNNNE,Sphinx_V2:Capacitor_SMD__C_0805_2012Metric,False,4.7uF +/-10% 16V X7R 0805,https://product.samsungsem.com/mlcc/CL21B475KOFNNN.do
C203,1u / 10V,CL10B105KP8NNNC,Sphinx_V2:Capacitor_SMD__C_0603_1608Metric,False,1uF +/-10% 10V X7R 0603,https://product.samsungsem.com/mlcc/CL10B105KP8NNN.do
C204,1u / 50V,C0805C105K5RACTU,Sphinx_V2:Capacitor_SMD__C_0805_2012Metric,False,1uF +/-10% 50V X7R 0805,https://content.kemet.com/datasheets/KEM_C1002_X7R_SMD.pdf
C205,22u / 25V,GRM32EC81E226KE15L,Sphinx_V2:Capacitor_SMD__C_1210_3225Metric,False,22uF +/-10% 25V X6S 1210; DC-bias/effective capacitance to be qualified,https://www.farnell.com/datasheets/2048738.pdf
C206,22u / 25V,GRM32EC81E226KE15L,Sphinx_V2:Capacitor_SMD__C_1210_3225Metric,False,22uF +/-10% 25V X6S 1210; DC-bias/effective capacitance to be qualified,https://www.farnell.com/datasheets/2048738.pdf
C207,22u / 25V,GRM32EC81E226KE15L,Sphinx_V2:Capacitor_SMD__C_1210_3225Metric,False,22uF +/-10% 25V X6S 1210; DC-bias/effective capacitance to be qualified,https://www.farnell.com/datasheets/2048738.pdf
C208,22u / 25V,GRM32EC81E226KE15L,Sphinx_V2:Capacitor_SMD__C_1210_3225Metric,False,22uF +/-10% 25V X6S 1210; DC-bias/effective capacitance to be qualified,https://www.farnell.com/datasheets/2048738.pdf
C209,4.7n / 25V,GRM155R71E472KA01D,Sphinx_V2:Capacitor_SMD__C_0402_1005Metric,False,Place immediately at PVIN/PGND pins | 4.7nF +/-10% 25V X7R 0402,https://search.murata.co.jp/Ceramy/image/img/A01X/G101/ENG/GRM155R71E472KA01-01A.pdf
C210,1n / 50V,GRM1885C1H102JA01D,Sphinx_V2:Capacitor_SMD__C_0603_1608Metric,False,1nF +/-5% 50V C0G 0603,https://search.murata.co.jp/Ceramy/image/img/A01X/G101/ENG/GRM1885C1H102JA01-01A.pdf
L201,0.56u / XAL1030,XAL1030-561MEC,Sphinx_V2:Inductor_SMD__L_Coilcraft_XAL1030-XXX,False,"0.56uH; DCR2.75mOhm max; Isat44A(30% drop), Irms23A(20C rise). Qualify loop across sweep. | 0.56uH +/-20%; DCR2.75mOhm max; Isat44A (30% drop); Irms23A/32A (20C/40C rise); 11.3x10x3.1mm",https://www.coilcraft.com/getmedia/7b108457-7731-456d-9256-ca72f2e1a551/xal1030.pdf
R201,1m / 1W KELVIN,WSL25121L000FEA,Sphinx_V2:Resistor_SMD__R_2512_6332Metric,False,"1mOhm, 1%, 1W; TCR275ppm/C. Two-terminal part: four-wire PCB sense and temperature calibration required. | 1mOhm +/-1%, 1W at70C, +/-275ppm/C, 2512; two terminals, PCB Kelvin sensing",https://www.vishay.com/docs/30100/wsl.pdf
R202,10R,RC0603FR-0710RL,Sphinx_V2:Resistor_SMD__R_0603_1608Metric,False,10R +/-1% 0.1W 0603 thick film; +/-200ppm/C,https://yageogroup.com/component-documentation/download/specsheet/RC0603FR-0710RL
R203,1R / 0.25W,RC1206FR-071RL,Sphinx_V2:Resistor_SMD__R_1206_3216Metric,False,1Ohm +/-1% 0.25W 1206; snubber tuning required; +/-200ppm/C; rated at70C,https://yageogroup.com/component-documentation/download/specsheet/RC1206FR-071RL
R204,12.1k,AC0603FR-0712K1L,Sphinx_V2:Resistor_SMD__R_0603_1608Metric,False,"650kHz/config24 is fallback only. Firmware MUST set/read assembly-matched B1 while disabled; default12+12: Iloop2, scale*Vloop3, RVV120k/CZV750p. | 12.1kOhm +/-1%, 0.1W at70C, +/-100ppm/C, 0603; automotive AC series, same strap value",https://yageogroup.com/component-documentation/download/specsheet/AC0603FR-0712K1L
R205,21.5k,RC0603FR-0721K5L,Sphinx_V2:Resistor_SMD__R_0603_1608Metric,False,"650kHz/config24 is fallback only. Firmware MUST set/read assembly-matched B1 while disabled; default12+12: Iloop2, scale*Vloop3, RVV120k/CZV750p. | 21.5k +/-1% 0.1W 0603 thick film; +/-100ppm/C",https://yageogroup.com/component-documentation/download/specsheet/RC0603FR-0721K5L
R206,19.6k,RC0603FR-0719K6L,Sphinx_V2:Resistor_SMD__R_0603_1608Metric,False,MSEL2 divider3/R2G4: 5ms soft start; 15A warn/19A fault per Table7-16 corrected interpretation. | 19.6k +/-1% 0.1W 0603 thick film; +/-100ppm/C,https://yageogroup.com/component-documentation/download/specsheet/RC0603FR-0719K6L
R207,10k,RC0603FR-0710KL,Sphinx_V2:Resistor_SMD__R_0603_1608Metric,False,MSEL2 divider3/R2G4: 5ms soft start; 15A warn/19A fault per Table7-16 corrected interpretation. | 10k +/-1% 0.1W 0603 thick film; +/-100ppm/C,https://yageogroup.com/component-documentation/download/specsheet/RC0603FR-0710KL
R208,12.1k / 1%,AC0603FR-0712K1L,Sphinx_V2:Resistor_SMD__R_0603_1608Metric,False,"Single bottom resistor R2G5: 0.50+5*0.05=0.75V boot, scale0.5 | 12.1kOhm +/-1%, 0.1W at70C, +/-100ppm/C, 0603; automotive AC series, same strap value",https://yageogroup.com/component-documentation/download/specsheet/AC0603FR-0712K1L
R209,4.64k / 1%,RC0603FR-074K64L,Sphinx_V2:Resistor_SMD__R_0603_1608Metric,False,No top resistor; 7-bit address0x10; SYNC auto-detect | 4.64k +/-1% 0.1W 0603 thick film; +/-100ppm/C,https://yageogroup.com/component-documentation/download/specsheet/RC0603FR-074K64L
R210,100k,RC0603FR-07100KL,Sphinx_V2:Resistor_SMD__R_0603_1608Metric,False,100k +/-1% 0.1W 0603 thick film; +/-100ppm/C,https://yageogroup.com/component-documentation/download/specsheet/RC0603FR-07100KL
R211,10k,RC0603FR-0710KL,Sphinx_V2:Resistor_SMD__R_0603_1608Metric,False,10k +/-1% 0.1W 0603 thick film; +/-100ppm/C,https://yageogroup.com/component-documentation/download/specsheet/RC0603FR-0710KL
R212,47R / 0.5W,ERJ-P06F47R0V,Sphinx_V2:Resistor_SMD__R_0805_2012Metric,False,"12+12 nominal RC about243ms; confirm VCORE below50mV before scale changes; full16+16 about324ms | 47Ohm +/-1%, 0.5W, +/-100ppm/C, 0805; core bleed30.6mW at1.2V; thermal derating applies",https://industrial.panasonic.com/cdbs/www-data/pdf/RDO0000/AOA0000C331.pdf
U201,TPS546B24ARVFR,TPS546B24ARVFR,Sphinx_V2:TI_RVF0040A,False,"2.95-18V input, 20A IC rating, PMBus; 0.25-3V across selected loop scales; RVF40 plus EP",https://www.ti.com/lit/ds/symlink/tps546b24a.pdf
C301,10u / 35V X7R,CL31B106KLHNFNE,Sphinx_V2:Capacitor_SMD__C_1206_3216Metric,False,"10uF +/-10%, 35V, X7R, 1206, thickness1.6+/-0.2mm; AUX/IO INPUT bypass",https://product.samsungsem.com/mlcc/CL31B106KLHNFN.do
C302,100n / 100V,GRM188R72A104KA35D,Sphinx_V2:Capacitor_SMD__C_0603_1608Metric,False,100nF +/-10% 100V X7R 0603,https://search.murata.co.jp/Ceramy/image/img/A01X/G101/ENG/GRM188R72A104KA35-01A.pdf
C303,10n / 50V,CL10B103KB8NNNC,Sphinx_V2:Capacitor_SMD__C_0603_1608Metric,False,10nF +/-10% 50V X7R 0603,https://product.samsungsem.com/mlcc/CL10B103KB8NNN.do
C304,22u / 10V,CL21A226MPQNNNE,Sphinx_V2:Capacitor_SMD__C_0805_2012Metric,False,22uF +/-20% 10V X5R 0805,https://product.samsungsem.com/mlcc/CL21A226MPQNNN.do
C305,22u / 10V,CL21A226MPQNNNE,Sphinx_V2:Capacitor_SMD__C_0805_2012Metric,False,22uF +/-20% 10V X5R 0805,https://product.samsungsem.com/mlcc/CL21A226MPQNNN.do
C306,1n / 50V,GRM1885C1H102JA01D,Sphinx_V2:Capacitor_SMD__C_0603_1608Metric,False,C0G 1nF +/-5% VIN-to-inhibit feedforward; mandatory for fast default-off startup. | 1nF +/-5% 50V C0G 0603,https://search.murata.co.jp/Ceramy/image/img/A01X/G101/ENG/GRM1885C1H102JA01-01A.pdf
C307,100p / 100V,GRM1885C2A101JA01D,Sphinx_V2:Capacitor_SMD__C_0603_1608Metric,False,C0G 100pF +/-5%; limits Miller transient. Do not omit or enlarge without requalification. | 100pF +/-5% 100V C0G 0603; -55..125C operating range,https://search.murata.co.jp/Ceramy/image/img/A01X/G101/ENG/GRM1885C2A101JA01-01A.pdf
C310,100n / 100V,GRM188R72A104KA35D,Sphinx_V2:Capacitor_SMD__C_0603_1608Metric,False,100nF +/-10% 100V X7R 0603,https://search.murata.co.jp/Ceramy/image/img/A01X/G101/ENG/GRM188R72A104KA35-01A.pdf
C311,10n / 50V,CL10B103KB8NNNC,Sphinx_V2:Capacitor_SMD__C_0603_1608Metric,False,10nF +/-10% 50V X7R 0603,https://product.samsungsem.com/mlcc/CL10B103KB8NNN.do
C320,100n / 100V,GRM188R72A104KA35D,Sphinx_V2:Capacitor_SMD__C_0603_1608Metric,False,100nF +/-10% 100V X7R 0603,https://search.murata.co.jp/Ceramy/image/img/A01X/G101/ENG/GRM188R72A104KA35-01A.pdf
C321,10n / 50V,CL10B103KB8NNNC,Sphinx_V2:Capacitor_SMD__C_0603_1608Metric,False,10nF +/-10% 50V X7R 0603,https://product.samsungsem.com/mlcc/CL10B103KB8NNN.do
C510,100n / 16V,CL05B104KO5NNNC,Sphinx_V2:Capacitor_SMD__C_0402_1005Metric,False,100nF +/-10% 16V X7R 0402,https://product.samsungsem.com/mlcc/CL05B104KO5NNN.do
L301,2.2u / Isat>=5A,SRP5030T-2R2M,Sphinx_V2:Inductor_SMD__L_Bourns_SRP5030T,False,"2.2uH,35mOhm maxDCR,5.5A Irms,9A Isat per Bourns datasheet | 2.2uH +/-20%, DCR35mOhm max, Irms5.5A, Isat9A at20% L drop, 5x5x3mm",https://www.bourns.com/docs/Product-Datasheets/SRP5030T.pdf
Q301,DMN62D2UQ-7,DMN62D2UQ-7,Sphinx_V2:Package_TO_SOT_SMD__SOT-23,False,"Diodes SOT23: G1 S2 D3; 60V VDS, +/-20V VGS; local low-C layout and waveform qualification required. | 60V NMOS, +/-20V VGS, SOT23 G1/S2/D3; RDS(on)<=4Ohm atVGS1.8V/25C; -55..150C operating range; full-temperature electrical maxima not generally specified",https://www.diodes.com/assets/Datasheets/DMN62D2UQ.pdf
Q302,DMN62D2UQ-7,DMN62D2UQ-7,Sphinx_V2:Package_TO_SOT_SMD__SOT-23,False,"Diodes SOT23: G1 S2 D3; 60V VDS, +/-20V VGS; local low-C layout and waveform qualification required. | 60V NMOS, +/-20V VGS, SOT23 G1/S2/D3; RDS(on)<=4Ohm atVGS1.8V/25C; -55..150C operating range; full-temperature electrical maxima not generally specified",https://www.diodes.com/assets/Datasheets/DMN62D2UQ.pdf
R301,10m / 1W KELVIN,WSL2512R0100FEA,Sphinx_V2:Resistor_SMD__R_2512_6332Metric,False,"10mOhm +/-1%, 1W at70C, +/-75ppm/C, 2512; two terminals, PCB Kelvin sensing",https://www.vishay.com/docs/30100/wsl.pdf
R302,10k,RC0603FR-0710KL,Sphinx_V2:Resistor_SMD__R_0603_1608Metric,False,10k +/-1% 0.1W 0603 thick film; +/-100ppm/C,https://yageogroup.com/component-documentation/download/specsheet/RC0603FR-0710KL
R303,270R,RC0603FR-07270RL,Sphinx_V2:Resistor_SMD__R_0603_1608Metric,False,270Ohm +/-1% 0.1W at70C 0603 thick film; +/-100ppm/C; -55..155C operating range,https://yageogroup.com/component-documentation/download/specsheet/RC0603FR-07270RL
R304,100R / 0.5W,ERJ-P06F1000V,Sphinx_V2:Resistor_SMD__R_0805_2012Metric,False,"Discharge I/O output while disabled | 100Ohm +/-1%, 0.5W, +/-100ppm/C, 0805; IO bleed32.4mW at1.8V; thermal derating applies",https://industrial.panasonic.com/cdbs/www-data/pdf/RDO0000/AOA0000C331.pdf
R305,2.2k / 0.25W,RC1206FR-072K2L,Sphinx_V2:Resistor_SMD__R_1206_3216Metric,False,Connect the EN source to U301 local VIN. Verify EN transients as specified in docs/IO_ENABLE.md. | 2.2k +/-1% 0.25W at70C 1206 thick film; +/-100ppm/C; -55..155C operating range,https://www.yageogroup.com/component-documentation/download/specsheet/RC1206FR-072K2L
R306,10k,RC0603FR-0710KL,Sphinx_V2:Resistor_SMD__R_0603_1608Metric,False,Bias Q302 ON unless Q301 is actively enabled; C306 provides fast startup feedforward. | 10k +/-1% 0.1W 0603 thick film; +/-100ppm/C,https://yageogroup.com/component-documentation/download/specsheet/RC0603FR-0710KL
R307,270R,RC0603FR-07270RL,Sphinx_V2:Resistor_SMD__R_0603_1608Metric,False,Limits unpowered Ioff and Miller pickup; U504 must retain guaranteed VOH under this load. | 270Ohm +/-1% 0.1W at70C 0603 thick film; +/-100ppm/C; -55..155C operating range,https://yageogroup.com/component-documentation/download/specsheet/RC0603FR-07270RL
R308,100R / 0.5W,ERJ-P06F1000V,Sphinx_V2:Resistor_SMD__R_0805_2012Metric,False,"Limits Q302 gate fall rate and EN negative Miller transient; must not be bypassed. | 100Ohm +/-1%, 0.5W, +/-100ppm/C, 0805; IO bleed32.4mW at1.8V; thermal derating applies",https://industrial.panasonic.com/cdbs/www-data/pdf/RDO0000/AOA0000C331.pdf
R310,10R,RC0603FR-0710RL,Sphinx_V2:Resistor_SMD__R_0603_1608Metric,False,10R +/-1% 0.1W 0603 thick film; +/-200ppm/C,https://yageogroup.com/component-documentation/download/specsheet/RC0603FR-0710RL
R311,10R,RC0603FR-0710RL,Sphinx_V2:Resistor_SMD__R_0603_1608Metric,False,10R +/-1% 0.1W 0603 thick film; +/-200ppm/C,https://yageogroup.com/component-documentation/download/specsheet/RC0603FR-0710RL
R320,10R,RC0603FR-0710RL,Sphinx_V2:Resistor_SMD__R_0603_1608Metric,False,10R +/-1% 0.1W 0603 thick film; +/-200ppm/C,https://yageogroup.com/component-documentation/download/specsheet/RC0603FR-0710RL
R321,10R,RC0603FR-0710RL,Sphinx_V2:Resistor_SMD__R_0603_1608Metric,False,10R +/-1% 0.1W 0603 thick film; +/-200ppm/C,https://yageogroup.com/component-documentation/download/specsheet/RC0603FR-0710RL
R514,73.2k / 1%,RC0603FR-0773K2L,Sphinx_V2:Resistor_SMD__R_0603_1608Metric,False,1% | 73.2k +/-1% 0.1W 0603 thick film; +/-100ppm/C,https://yageogroup.com/component-documentation/download/specsheet/RC0603FR-0773K2L
R515,10k / 1%,RC0603FR-0710KL,Sphinx_V2:Resistor_SMD__R_0603_1608Metric,False,1% | 10k +/-1% 0.1W 0603 thick film; +/-100ppm/C,https://yageogroup.com/component-documentation/download/specsheet/RC0603FR-0710KL
U301,TPS62131RGTR,TPS62131RGTR,Sphinx_V2:Package_DFN_QFN__VQFN-16-1EP_3x3mm_P0.5mm_EP1.8x1.8mm_ThermalVias,False,"FIXED1.8V synchronous buck, 3-17V input, 3A IC rating; RGT16 plus EP; NOT TPS62133",https://www.ti.com/lit/ds/symlink/tps62130.pdf
U302,INA226 0x40,INA226AIDGSR,Sphinx_V2:Package_SO__TSSOP-10_3x3mm_P0.5mm,False,"Telemetry only; not GHz transient capture. Locate core monitor at socket ground. | 2.7-5.5V supply, 0-36V common-mode, +/-81.92mV shunt ADC, DGS10; INA226 register map",https://www.ti.com/lit/ds/symlink/ina226.pdf
U303,INA226 0x41,INA226AIDGSR,Sphinx_V2:Package_SO__TSSOP-10_3x3mm_P0.5mm,False,"Telemetry only; not GHz transient capture. Locate core monitor at socket ground. | 2.7-5.5V supply, 0-36V common-mode, +/-81.92mV shunt ADC, DGS10; INA226 register map",https://www.ti.com/lit/ds/symlink/ina226.pdf
U509,TLV3011AIDBVR,TLV3011AIDBVR,Sphinx_V2:Package_TO_SOT_SMD__SOT-23-6,False,"Post-eFuse VIN12 undervoltage clears RUN_LATCH even if USB keeps Pico alive; nominal10.333V, static screening9.75-10.94V. Shared fault line is not a separate input-voltage reading. | 1.8-5.5V comparator, OPEN-DRAIN, 1.242V reference; DBV SOT23-6",https://www.ti.com/lit/ds/symlink/tlv3011.pdf
C401,22u / 10V,CL21A226MPQNNNE,Sphinx_V2:Capacitor_SMD__C_0805_2012Metric,False,22uF +/-20% 10V X5R 0805,https://product.samsungsem.com/mlcc/CL21A226MPQNNN.do
D401,SS14,SS14-E3/61T,Sphinx_V2:Diode_SMD__D_SMA,False,Anode AUX5V; cathode VSYS; prevents USB backfeeding auxiliary rail | 1A 40V Schottky SMA; pad1=cathode VSYS; pad2=anode AUX5V,https://www.vishay.com/docs/88746/ss12.pdf
J401,PMBus debug (3.3V),M20-9990546,Sphinx_V2:Connector_PinHeader_2.54mm__PinHeader_1x05_P2.54mm_Vertical,False,1x5 2.54mm vertical THT male header; tail3mm; square0.64mm,https://www.harwin.com/products/M20-9990546
J602,ZED REMOTE RESET,M20-9990246,Sphinx_V2:Connector_PinHeader_2.54mm__PinHeader_1x02_P2.54mm_Vertical,False,1x2 2.54mm vertical THT male header; tail3mm; square0.64mm,https://www.harwin.com/products/M20-9990246
R401,2.2k,RC0603FR-072K2L,Sphinx_V2:Resistor_SMD__R_0603_1608Metric,False,2.2k +/-1% 0.1W 0603 thick film; +/-100ppm/C,https://yageogroup.com/component-documentation/download/specsheet/RC0603FR-072K2L
R402,2.2k,RC0603FR-072K2L,Sphinx_V2:Resistor_SMD__R_0603_1608Metric,False,2.2k +/-1% 0.1W 0603 thick film; +/-100ppm/C,https://yageogroup.com/component-documentation/download/specsheet/RC0603FR-072K2L
R403,10k,RC0603FR-0710KL,Sphinx_V2:Resistor_SMD__R_0603_1608Metric,False,10k +/-1% 0.1W 0603 thick film; +/-100ppm/C,https://yageogroup.com/component-documentation/download/specsheet/RC0603FR-0710KL
R404,10k,RC0603FR-0710KL,Sphinx_V2:Resistor_SMD__R_0603_1608Metric,False,10k +/-1% 0.1W 0603 thick film; +/-100ppm/C,https://yageogroup.com/component-documentation/download/specsheet/RC0603FR-0710KL
R408,100k,RC0603FR-07100KL,Sphinx_V2:Resistor_SMD__R_0603_1608Metric,False,"R409 NTC100k B4250; board temperature proxy, not die temperature | 100k +/-1% 0.1W 0603 thick film; +/-100ppm/C",https://yageogroup.com/component-documentation/download/specsheet/RC0603FR-07100KL
R409,100k NTC B4250,NCU18WF104J60RB,Sphinx_V2:Resistor_SMD__R_0603_1608Metric,False,"R409 NTC100k B4250; board temperature proxy, not die temperature | 100kOhm NTC +/-5%; B25/50=4250K +/-2%; 0603; board temperature proxy",https://www.murata.com/-/media/webrenewal/products/thermistor/ntc/ncu/ncu18.ashx?cvid=20240402040000000000&la=en
R411,100k,RC0603FR-07100KL,Sphinx_V2:Resistor_SMD__R_0603_1608Metric,False,100k +/-1% 0.1W 0603 thick film; +/-100ppm/C,https://yageogroup.com/component-documentation/download/specsheet/RC0603FR-07100KL
R605,750R,RC0603FR-13750RL,Sphinx_V2:Resistor_SMD__R_0603_1608Metric,False,"Optocoupler LED current; includes allowance for Zed JA/JB/JE200R series. Source is ZedBoard3.3V, not this board | 750Ohm +/-1% 0.1W at70C, 0603 thick film, +/-100ppm/C; 13=330mm reel, cut tape MOQ1",https://yageogroup.com/component-documentation/download/specsheet/RC0603FR-13750RL
U401,Raspberry Pi Pico,SC0915,Sphinx_V2:Module__RaspberryPi_Pico_Common_THT,False,"USB is physically on the module; VBUS must not connect to AUX5V | Original Raspberry Pi Pico RP2040, bare headers; VSYS1.8-5.5V, GPIO3.3V; 40-pin 2.54mm",https://datasheets.raspberrypi.com/pico/pico-datasheet.pdf
U601,TLP293 GB,"TLP293(GB-TPL,E",Sphinx_V2:Package_SO__SOIC-4_4.55x2.6mm_P1.27mm,False,"Phototransistor in parallel with SW601: input LED on asserts active-high DUT reset; no run-latch clear or rail shutdown | GB rank phototransistor optocoupler, SO4 4.55x2.6mm pitch1.27mm; 1=A,2=K,3=E,4=C; VCEsat max0.3V at IF1mA/IC0.2mA,25C",https://toshiba.semicon-storage.com/info/docget.jsp?did=14419&prodName=TLP293
C502,100n / 16V,CL05B104KO5NNNC,Sphinx_V2:Capacitor_SMD__C_0402_1005Metric,False,100nF +/-10% 16V X7R 0402,https://product.samsungsem.com/mlcc/CL05B104KO5NNN.do
C503,100n / 16V,CL05B104KO5NNNC,Sphinx_V2:Capacitor_SMD__C_0402_1005Metric,False,100nF +/-10% 16V X7R 0402,https://product.samsungsem.com/mlcc/CL05B104KO5NNN.do
C504,100n / 16V,CL05B104KO5NNNC,Sphinx_V2:Capacitor_SMD__C_0402_1005Metric,False,100nF +/-10% 16V X7R 0402,https://product.samsungsem.com/mlcc/CL05B104KO5NNN.do
C506,100n / 16V,CL05B104KO5NNNC,Sphinx_V2:Capacitor_SMD__C_0402_1005Metric,False,100nF +/-10% 16V X7R 0402,https://product.samsungsem.com/mlcc/CL05B104KO5NNN.do
C507,100n / 16V,CL05B104KO5NNNC,Sphinx_V2:Capacitor_SMD__C_0402_1005Metric,False,100nF +/-10% 16V X7R 0402,https://product.samsungsem.com/mlcc/CL05B104KO5NNN.do
C508,100n / 16V,CL05B104KO5NNNC,Sphinx_V2:Capacitor_SMD__C_0402_1005Metric,False,100nF +/-10% 16V X7R 0402,https://product.samsungsem.com/mlcc/CL05B104KO5NNN.do
R503,1.24k / 1%,RC0603FR-071K24L,Sphinx_V2:Resistor_SMD__R_0603_1608Metric,False,"Independent socket-core sense trace; nominal OVP 1.319 V. Board fault threshold, not an ASIC voltage rating. | 1.24k +/-1% 0.1W 0603 thick film; +/-100ppm/C",https://yageogroup.com/component-documentation/download/specsheet/RC0603FR-071K24L
R504,20k / 0.1%,RT0603BRD0720KL,Sphinx_V2:Resistor_SMD__R_0603_1608Metric,False,"Independent socket-core sense trace; nominal OVP 1.319 V. Board fault threshold, not an ASIC voltage rating. | 20kOhm +/-0.1% 0.1W 0603 thin film; 25ppm/C",https://yageogroup.com/component-documentation/download/specsheet/RT0603BRD0720KL
R506,10k,RC0603FR-0710KL,Sphinx_V2:Resistor_SMD__R_0603_1608Metric,False,10k +/-1% 0.1W 0603 thick film; +/-100ppm/C,https://yageogroup.com/component-documentation/download/specsheet/RC0603FR-0710KL
R507,10k,RC0603FR-0710KL,Sphinx_V2:Resistor_SMD__R_0603_1608Metric,False,Holds run-latch clock low while Pico GP10 is high impedance. | 10k +/-1% 0.1W 0603 thick film; +/-100ppm/C,https://yageogroup.com/component-documentation/download/specsheet/RC0603FR-0710KL
R509,100k,RC0603FR-07100KL,Sphinx_V2:Resistor_SMD__R_0603_1608Metric,False,100k +/-1% 0.1W 0603 thick film; +/-100ppm/C,https://yageogroup.com/component-documentation/download/specsheet/RC0603FR-07100KL
R510,100k,RC0603FR-07100KL,Sphinx_V2:Resistor_SMD__R_0603_1608Metric,False,100k +/-1% 0.1W 0603 thick film; +/-100ppm/C,https://yageogroup.com/component-documentation/download/specsheet/RC0603FR-07100KL
SW502,STOP,TL3342F160QG/TR,Sphinx_V2:Button_Switch_SMD__SW_SPST_TL3342,False,"Momentary NO SMT switch, 50mA at12VDC, 160gf, -20 to70C; tape/reel suffix /TR",https://configured-product-images.s3.amazonaws.com/Datasheets/TL3342.pdf
U501,TLV3011AIDBVR,TLV3011AIDBVR,Sphinx_V2:Package_TO_SOT_SMD__SOT-23-6,False,"1.8-5.5V comparator, OPEN-DRAIN, 1.242V reference; DBV SOT23-6",https://www.ti.com/lit/ds/symlink/tlv3011.pdf
U502,TPS3808G33DBVR,TPS3808G33DBVR,Sphinx_V2:Package_TO_SOT_SMD__SOT-23-6,False,"Control-supply supervisor; CT open gives approximately 20 ms startup reset, threshold 3.07 V. | 0.9-6.5V supervisor, G33 threshold3.07V, open-drain reset, CT open approx20ms; DBV6",https://www.ti.com/lit/ds/symlink/tps3808.pdf
U503,SN74LVC1G74DCUR,SN74LVC1G74DCUR,Sphinx_V2:Package_SO__VSSOP-8_2.3x2mm_P0.5mm,False,RUN_SET rising edge sets Q; asynchronous hardware fault clears Q. No automatic restart on fault recovery. | 1.65-5.5V D flip-flop with asynchronous clear/preset; DCU VSSOP8 0.5mm pitch,https://www.ti.com/lit/ds/symlink/sn74lvc1g74.pdf
U504,74LVC08AT14-13,74LVC08AT14-13,Sphinx_V2:Package_SO__TSSOP-14_4.4x5mm_P0.65mm,False,"Quad AND; three channels gate Core, I/O and reset with RUN_LATCH. Fourth channel inputs grounded, output NC. IO_EN_CTRL drives Q301 gate only; decouple with C506.",https://www.diodes.com/datasheet/download/74LVC08A.pdf
U506,SN74LVC1G11DCKR,SN74LVC1G11DCKR,Sphinx_V2:Package_TO_SOT_SMD__SOT-363_SC-70-6,False,1.65-5.5V single 3-input AND; DCK SC70-6,https://www.ti.com/lit/ds/symlink/sn74lvc1g11.pdf
U507,SN74LVC2G17DBVT,SN74LVC2G17DBVT,Sphinx_V2:Package_TO_SOT_SMD__SOT-23-6,False,Schmitt buffers condition the controller set pulse and shared open-drain fault signal. | 1.65-5.5V dual Schmitt buffer; DBV SOT23-6; T reel packaging,https://www.ti.com/lit/ds/symlink/sn74lvc2g17.pdf
J1,280-5205-01,280-5205-01,Sphinx_V2:Sphinx_socket_original,False,80-pin QFN 12x12mm 0.5mm pitch WITH thermal probe; 3M drawing 78-5100-2476-9 rev B; current/SI rating requires qualification,https://multimedia.3m.com/mws/media/785852O/3m-tm-textool-tm-open-top-sockets-for-qfn-applications-cd2476.pdf
J2,Original 6-pin JTAG,M20-9990646,Sphinx_V2:Connector_PinHeader_2.54mm__PinHeader_1x06_P2.54mm_Vertical,False,1x6 2.54mm vertical THT male header; tail3mm; square0.64mm,https://www.harwin.com/products/M20-9990646
J5,MASTER CLOCK SMA,132134,Sphinx_V2:Connector_Coaxial__SMA_Amphenol_132134_Vertical,False,"Route controlled50ohm to pin48. External source must meet1.8V I/O spec. | Amphenol SMA straight PCB through-hole JACK, 50Ohm, manufacturer maximum18GHz; not -10/-11/-15 variants",https://www.amphenolrf.com/zh-cn/part/132134/662/
J6,20-pin JTAG: same pinout,M20-9981046,Sphinx_V2:Connector_PinHeader_2.54mm__PinHeader_2x10_P2.54mm_Vertical,False,2x10 2.54mm vertical THT male header; JTAG signal interface with 1.8 V VTref,https://www.harwin.com/products/M20-9981046
J601,Differential probe: high Z,M20-9990246,Sphinx_V2:Connector_PinHeader_2.54mm__PinHeader_1x02_P2.54mm_Vertical,False,1x2 2.54mm vertical THT male header; tail3mm; square0.64mm,https://www.harwin.com/products/M20-9990246
NT601,Kelvin + at socket,,Sphinx_V2:NetTie__NetTie-2_SMD_Pad0.5mm,False,"Place at chosen VDD pin group, after current shunt; sense trace carries no load current",
NT602,Kelvin - at socket,,Sphinx_V2:NetTie__NetTie-2_SMD_Pad0.5mm,False,Place next to NT601 at load ground pin group,
Q601,MMBT3904,MMBT3904-7-F,Sphinx_V2:Package_TO_SOT_SMD__SOT-23,False,"Open collector reset release. No3.3V connection to DUT reset pin. | NPN SOT23; pin1=B, pin2=E, pin3=C",https://www.diodes.com/assets/Datasheets/MMBT3904.pdf
R601,49.9R DNP,RC0603FR-0749R9L,Sphinx_V2:Resistor_SMD__R_0603_1608Metric,True,Optional shunt termination: fit only after verifying source voltage and driver capability | 49.9R +/-1% 0.1W 0603 thick film; +/-100ppm/C,https://yageogroup.com/component-documentation/download/specsheet/RC0603FR-0749R9L
R602,10k,RC0603FR-0710KL,Sphinx_V2:Resistor_SMD__R_0603_1608Metric,False,Active-high reset: pull high while control not ready | 10k +/-1% 0.1W 0603 thick film; +/-100ppm/C,https://yageogroup.com/component-documentation/download/specsheet/RC0603FR-0710KL
R603,21.5k,RC0603FR-0721K5L,Sphinx_V2:Resistor_SMD__R_0603_1608Metric,False,Limits optocoupler sink demand below0.2mA; retains Q601 base drive for the0.18mA reset pull-up | 21.5k +/-1% 0.1W 0603 thick film; +/-100ppm/C,https://yageogroup.com/component-documentation/download/specsheet/RC0603FR-0721K5L
R604,100k,RC0603FR-07100KL,Sphinx_V2:Resistor_SMD__R_0603_1608Metric,False,100k +/-1% 0.1W 0603 thick film; +/-100ppm/C,https://yageogroup.com/component-documentation/download/specsheet/RC0603FR-07100KL
SW601,DUT RESET,TL3342F160QG/TR,Sphinx_V2:Button_Switch_SMD__SW_SPST_TL3342,False,"Momentary NO SMT switch, 50mA at12VDC, 160gf, -20 to70C; tape/reel suffix /TR",https://configured-product-images.s3.amazonaws.com/Datasheets/TL3342.pdf
TP4,clock_tap,,Sphinx_V2:TestPoint__TestPoint_Pad_D1.0mm,False,,
TP7,reset,,Sphinx_V2:TestPoint__TestPoint_Pad_D1.0mm,False,"Actual active-high DUT reset at J1.54; pair with TP607 by socket, pad centres <=2mm apart. High-impedance probe only; no 50ohm termination.",
TP607,GND,,Sphinx_V2:TestPoint__TestPoint_Pad_D1.0mm,False,"Local ground reference paired with TP7 by J1.54; same accessible PCB side, pad centres <=2mm apart and short return to socket ground.",
C701,330u / 6.3V,TCJD337M006R0012E,Sphinx_V2:Capacitor_Tantalum_SMD__CP_EIA-7343-31_Kemet-D,False,"Polymer tantalum; ESR12mOhm max; D case; positive stripe to core; local transient storage | 330uF +/-20%, 6.3V polymer tantalum, ESR12mOhm MAX at100kHz; D case; Tmax105C; Irms4.3/3.0/1.9A at45/85/105C; stripe=positive",https://datasheets.kyocera-avx.com/TCJ.pdf
C702,330u / 6.3V,TCJD337M006R0012E,Sphinx_V2:Capacitor_Tantalum_SMD__CP_EIA-7343-31_Kemet-D,False,"Polymer tantalum; ESR12mOhm max; D case; positive stripe to core; local transient storage | 330uF +/-20%, 6.3V polymer tantalum, ESR12mOhm MAX at100kHz; D case; Tmax105C; Irms4.3/3.0/1.9A at45/85/105C; stripe=positive",https://datasheets.kyocera-avx.com/TCJ.pdf
C703,330u / 6.3V,TCJD337M006R0012E,Sphinx_V2:Capacitor_Tantalum_SMD__CP_EIA-7343-31_Kemet-D,False,"Polymer tantalum; ESR12mOhm max; D case; positive stripe to core; local transient storage | 330uF +/-20%, 6.3V polymer tantalum, ESR12mOhm MAX at100kHz; D case; Tmax105C; Irms4.3/3.0/1.9A at45/85/105C; stripe=positive",https://datasheets.kyocera-avx.com/TCJ.pdf
C704,330u / 6.3V,TCJD337M006R0012E,Sphinx_V2:Capacitor_Tantalum_SMD__CP_EIA-7343-31_Kemet-D,True,"Polymer tantalum; ESR12mOhm max; D case; positive stripe to core; local transient storage | 330uF +/-20%, 6.3V polymer tantalum, ESR12mOhm MAX at100kHz; D case; Tmax105C; Irms4.3/3.0/1.9A at45/85/105C; stripe=positive",https://datasheets.kyocera-avx.com/TCJ.pdf
C705,330u / 6.3V,TCJD337M006R0012E,Sphinx_V2:Capacitor_Tantalum_SMD__CP_EIA-7343-31_Kemet-D,False,"Polymer tantalum; ESR12mOhm max; D case; positive stripe to core; local transient storage | 330uF +/-20%, 6.3V polymer tantalum, ESR12mOhm MAX at100kHz; D case; Tmax105C; Irms4.3/3.0/1.9A at45/85/105C; stripe=positive",https://datasheets.kyocera-avx.com/TCJ.pdf
C706,330u / 6.3V,TCJD337M006R0012E,Sphinx_V2:Capacitor_Tantalum_SMD__CP_EIA-7343-31_Kemet-D,False,"Polymer tantalum; ESR12mOhm max; D case; positive stripe to core; local transient storage | 330uF +/-20%, 6.3V polymer tantalum, ESR12mOhm MAX at100kHz; D case; Tmax105C; Irms4.3/3.0/1.9A at45/85/105C; stripe=positive",https://datasheets.kyocera-avx.com/TCJ.pdf
C707,330u / 6.3V,TCJD337M006R0012E,Sphinx_V2:Capacitor_Tantalum_SMD__CP_EIA-7343-31_Kemet-D,False,"Polymer tantalum; ESR12mOhm max; D case; positive stripe to core; local transient storage | 330uF +/-20%, 6.3V polymer tantalum, ESR12mOhm MAX at100kHz; D case; Tmax105C; Irms4.3/3.0/1.9A at45/85/105C; stripe=positive",https://datasheets.kyocera-avx.com/TCJ.pdf
C708,330u / 6.3V,TCJD337M006R0012E,Sphinx_V2:Capacitor_Tantalum_SMD__CP_EIA-7343-31_Kemet-D,True,"Polymer tantalum; ESR12mOhm max; D case; positive stripe to core; local transient storage | 330uF +/-20%, 6.3V polymer tantalum, ESR12mOhm MAX at100kHz; D case; Tmax105C; Irms4.3/3.0/1.9A at45/85/105C; stripe=positive",https://datasheets.kyocera-avx.com/TCJ.pdf
C711,100u / 6.3V,CL32A107MQVNNWE,Sphinx_V2:Capacitor_SMD__C_1210_3225Metric,False,Samsung 100uF X5R; simulate 25-120u per part; DC bias must be measured. | 100uF +/-20% 6.3V X5R 1210; max thickness2.8mm; bias/thermal effective capacitance needs qualification,https://product.samsungsem.com/mlcc/CL32A107MQVNNW.do
C712,100u / 6.3V,CL32A107MQVNNWE,Sphinx_V2:Capacitor_SMD__C_1210_3225Metric,False,Samsung 100uF X5R; simulate 25-120u per part; DC bias must be measured. | 100uF +/-20% 6.3V X5R 1210; max thickness2.8mm; bias/thermal effective capacitance needs qualification,https://product.samsungsem.com/mlcc/CL32A107MQVNNW.do
C713,100u / 6.3V,CL32A107MQVNNWE,Sphinx_V2:Capacitor_SMD__C_1210_3225Metric,False,Samsung 100uF X5R; simulate 25-120u per part; DC bias must be measured. | 100uF +/-20% 6.3V X5R 1210; max thickness2.8mm; bias/thermal effective capacitance needs qualification,https://product.samsungsem.com/mlcc/CL32A107MQVNNW.do
C714,100u / 6.3V,CL32A107MQVNNWE,Sphinx_V2:Capacitor_SMD__C_1210_3225Metric,True,Samsung 100uF X5R; simulate 25-120u per part; DC bias must be measured. | 100uF +/-20% 6.3V X5R 1210; max thickness2.8mm; bias/thermal effective capacitance needs qualification,https://product.samsungsem.com/mlcc/CL32A107MQVNNW.do
C715,100u / 6.3V,CL32A107MQVNNWE,Sphinx_V2:Capacitor_SMD__C_1210_3225Metric,False,Samsung 100uF X5R; simulate 25-120u per part; DC bias must be measured. | 100uF +/-20% 6.3V X5R 1210; max thickness2.8mm; bias/thermal effective capacitance needs qualification,https://product.samsungsem.com/mlcc/CL32A107MQVNNW.do
C716,100u / 6.3V,CL32A107MQVNNWE,Sphinx_V2:Capacitor_SMD__C_1210_3225Metric,False,Samsung 100uF X5R; simulate 25-120u per part; DC bias must be measured. | 100uF +/-20% 6.3V X5R 1210; max thickness2.8mm; bias/thermal effective capacitance needs qualification,https://product.samsungsem.com/mlcc/CL32A107MQVNNW.do
C717,100u / 6.3V,CL32A107MQVNNWE,Sphinx_V2:Capacitor_SMD__C_1210_3225Metric,False,Samsung 100uF X5R; simulate 25-120u per part; DC bias must be measured. | 100uF +/-20% 6.3V X5R 1210; max thickness2.8mm; bias/thermal effective capacitance needs qualification,https://product.samsungsem.com/mlcc/CL32A107MQVNNW.do
C718,100u / 6.3V,CL32A107MQVNNWE,Sphinx_V2:Capacitor_SMD__C_1210_3225Metric,True,Samsung 100uF X5R; simulate 25-120u per part; DC bias must be measured. | 100uF +/-20% 6.3V X5R 1210; max thickness2.8mm; bias/thermal effective capacitance needs qualification,https://product.samsungsem.com/mlcc/CL32A107MQVNNW.do
C721,1u / 10V,CL05A105KP5NNNC,Sphinx_V2:Capacitor_SMD__C_0402_1005Metric,False,1uF +/-10% 10V X5R 0402,https://product.samsungsem.com/mlcc/CL05A105KP5NNN.do
C722,1u / 10V,CL05A105KP5NNNC,Sphinx_V2:Capacitor_SMD__C_0402_1005Metric,False,1uF +/-10% 10V X5R 0402,https://product.samsungsem.com/mlcc/CL05A105KP5NNN.do
C723,1u / 10V,CL05A105KP5NNNC,Sphinx_V2:Capacitor_SMD__C_0402_1005Metric,False,1uF +/-10% 10V X5R 0402,https://product.samsungsem.com/mlcc/CL05A105KP5NNN.do
C724,1u / 10V,CL05A105KP5NNNC,Sphinx_V2:Capacitor_SMD__C_0402_1005Metric,False,1uF +/-10% 10V X5R 0402,https://product.samsungsem.com/mlcc/CL05A105KP5NNN.do
C725,1u / 10V,CL05A105KP5NNNC,Sphinx_V2:Capacitor_SMD__C_0402_1005Metric,False,1uF +/-10% 10V X5R 0402,https://product.samsungsem.com/mlcc/CL05A105KP5NNN.do
C726,1u / 10V,CL05A105KP5NNNC,Sphinx_V2:Capacitor_SMD__C_0402_1005Metric,False,1uF +/-10% 10V X5R 0402,https://product.samsungsem.com/mlcc/CL05A105KP5NNN.do
C727,1u / 10V,CL05A105KP5NNNC,Sphinx_V2:Capacitor_SMD__C_0402_1005Metric,False,1uF +/-10% 10V X5R 0402,https://product.samsungsem.com/mlcc/CL05A105KP5NNN.do
C728,1u / 10V,CL05A105KP5NNNC,Sphinx_V2:Capacitor_SMD__C_0402_1005Metric,False,1uF +/-10% 10V X5R 0402,https://product.samsungsem.com/mlcc/CL05A105KP5NNN.do
C729,1u / 10V,CL05A105KP5NNNC,Sphinx_V2:Capacitor_SMD__C_0402_1005Metric,False,1uF +/-10% 10V X5R 0402,https://product.samsungsem.com/mlcc/CL05A105KP5NNN.do
C730,1u / 10V,CL05A105KP5NNNC,Sphinx_V2:Capacitor_SMD__C_0402_1005Metric,False,1uF +/-10% 10V X5R 0402,https://product.samsungsem.com/mlcc/CL05A105KP5NNN.do
C731,1u / 10V,CL05A105KP5NNNC,Sphinx_V2:Capacitor_SMD__C_0402_1005Metric,False,1uF +/-10% 10V X5R 0402,https://product.samsungsem.com/mlcc/CL05A105KP5NNN.do
C732,1u / 10V,CL05A105KP5NNNC,Sphinx_V2:Capacitor_SMD__C_0402_1005Metric,False,1uF +/-10% 10V X5R 0402,https://product.samsungsem.com/mlcc/CL05A105KP5NNN.do
C733,1u / 10V,CL05A105KP5NNNC,Sphinx_V2:Capacitor_SMD__C_0402_1005Metric,False,1uF +/-10% 10V X5R 0402,https://product.samsungsem.com/mlcc/CL05A105KP5NNN.do
C734,1u / 10V,CL05A105KP5NNNC,Sphinx_V2:Capacitor_SMD__C_0402_1005Metric,False,1uF +/-10% 10V X5R 0402,https://product.samsungsem.com/mlcc/CL05A105KP5NNN.do
C735,1u / 10V,CL05A105KP5NNNC,Sphinx_V2:Capacitor_SMD__C_0402_1005Metric,False,1uF +/-10% 10V X5R 0402,https://product.samsungsem.com/mlcc/CL05A105KP5NNN.do
C736,1u / 10V,CL05A105KP5NNNC,Sphinx_V2:Capacitor_SMD__C_0402_1005Metric,False,1uF +/-10% 10V X5R 0402,https://product.samsungsem.com/mlcc/CL05A105KP5NNN.do
C741,100n / 16V,CL05B104KO5NNNC,Sphinx_V2:Capacitor_SMD__C_0402_1005Metric,False,100nF +/-10% 16V X7R 0402,https://product.samsungsem.com/mlcc/CL05B104KO5NNN.do
C742,100n / 16V,CL05B104KO5NNNC,Sphinx_V2:Capacitor_SMD__C_0402_1005Metric,False,100nF +/-10% 16V X7R 0402,https://product.samsungsem.com/mlcc/CL05B104KO5NNN.do
C743,100n / 16V,CL05B104KO5NNNC,Sphinx_V2:Capacitor_SMD__C_0402_1005Metric,False,100nF +/-10% 16V X7R 0402,https://product.samsungsem.com/mlcc/CL05B104KO5NNN.do
C744,100n / 16V,CL05B104KO5NNNC,Sphinx_V2:Capacitor_SMD__C_0402_1005Metric,False,100nF +/-10% 16V X7R 0402,https://product.samsungsem.com/mlcc/CL05B104KO5NNN.do
C745,100n / 16V,CL05B104KO5NNNC,Sphinx_V2:Capacitor_SMD__C_0402_1005Metric,False,100nF +/-10% 16V X7R 0402,https://product.samsungsem.com/mlcc/CL05B104KO5NNN.do
C746,100n / 16V,CL05B104KO5NNNC,Sphinx_V2:Capacitor_SMD__C_0402_1005Metric,False,100nF +/-10% 16V X7R 0402,https://product.samsungsem.com/mlcc/CL05B104KO5NNN.do
C747,100n / 16V,CL05B104KO5NNNC,Sphinx_V2:Capacitor_SMD__C_0402_1005Metric,False,100nF +/-10% 16V X7R 0402,https://product.samsungsem.com/mlcc/CL05B104KO5NNN.do
C748,100n / 16V,CL05B104KO5NNNC,Sphinx_V2:Capacitor_SMD__C_0402_1005Metric,False,100nF +/-10% 16V X7R 0402,https://product.samsungsem.com/mlcc/CL05B104KO5NNN.do
C749,100n / 16V,CL05B104KO5NNNC,Sphinx_V2:Capacitor_SMD__C_0402_1005Metric,False,100nF +/-10% 16V X7R 0402,https://product.samsungsem.com/mlcc/CL05B104KO5NNN.do
C750,100n / 16V,CL05B104KO5NNNC,Sphinx_V2:Capacitor_SMD__C_0402_1005Metric,False,100nF +/-10% 16V X7R 0402,https://product.samsungsem.com/mlcc/CL05B104KO5NNN.do
C751,100n / 16V,CL05B104KO5NNNC,Sphinx_V2:Capacitor_SMD__C_0402_1005Metric,False,100nF +/-10% 16V X7R 0402,https://product.samsungsem.com/mlcc/CL05B104KO5NNN.do
C752,100n / 16V,CL05B104KO5NNNC,Sphinx_V2:Capacitor_SMD__C_0402_1005Metric,False,100nF +/-10% 16V X7R 0402,https://product.samsungsem.com/mlcc/CL05B104KO5NNN.do
C753,100n / 16V,CL05B104KO5NNNC,Sphinx_V2:Capacitor_SMD__C_0402_1005Metric,False,100nF +/-10% 16V X7R 0402,https://product.samsungsem.com/mlcc/CL05B104KO5NNN.do
C754,100n / 16V,CL05B104KO5NNNC,Sphinx_V2:Capacitor_SMD__C_0402_1005Metric,False,100nF +/-10% 16V X7R 0402,https://product.samsungsem.com/mlcc/CL05B104KO5NNN.do
C755,100n / 16V,CL05B104KO5NNNC,Sphinx_V2:Capacitor_SMD__C_0402_1005Metric,False,100nF +/-10% 16V X7R 0402,https://product.samsungsem.com/mlcc/CL05B104KO5NNN.do
C756,100n / 16V,CL05B104KO5NNNC,Sphinx_V2:Capacitor_SMD__C_0402_1005Metric,False,100nF +/-10% 16V X7R 0402,https://product.samsungsem.com/mlcc/CL05B104KO5NNN.do
C761,330u / 6.3V,TCJD337M006R0012E,Sphinx_V2:Capacitor_Tantalum_SMD__CP_EIA-7343-31_Kemet-D,False,"Polymer tantalum; ESR12mOhm max; D case; positive stripe to core; local transient storage | 330uF +/-20%, 6.3V polymer tantalum, ESR12mOhm MAX at100kHz; D case; Tmax105C; Irms4.3/3.0/1.9A at45/85/105C; stripe=positive",https://datasheets.kyocera-avx.com/TCJ.pdf
C762,330u / 6.3V,TCJD337M006R0012E,Sphinx_V2:Capacitor_Tantalum_SMD__CP_EIA-7343-31_Kemet-D,False,"Polymer tantalum; ESR12mOhm max; D case; positive stripe to core; local transient storage | 330uF +/-20%, 6.3V polymer tantalum, ESR12mOhm MAX at100kHz; D case; Tmax105C; Irms4.3/3.0/1.9A at45/85/105C; stripe=positive",https://datasheets.kyocera-avx.com/TCJ.pdf
C763,330u / 6.3V,TCJD337M006R0012E,Sphinx_V2:Capacitor_Tantalum_SMD__CP_EIA-7343-31_Kemet-D,False,"Polymer tantalum; ESR12mOhm max; D case; positive stripe to core; local transient storage | 330uF +/-20%, 6.3V polymer tantalum, ESR12mOhm MAX at100kHz; D case; Tmax105C; Irms4.3/3.0/1.9A at45/85/105C; stripe=positive",https://datasheets.kyocera-avx.com/TCJ.pdf
C764,330u / 6.3V,TCJD337M006R0012E,Sphinx_V2:Capacitor_Tantalum_SMD__CP_EIA-7343-31_Kemet-D,True,"Polymer tantalum; ESR12mOhm max; D case; positive stripe to core; local transient storage | 330uF +/-20%, 6.3V polymer tantalum, ESR12mOhm MAX at100kHz; D case; Tmax105C; Irms4.3/3.0/1.9A at45/85/105C; stripe=positive",https://datasheets.kyocera-avx.com/TCJ.pdf
C765,330u / 6.3V,TCJD337M006R0012E,Sphinx_V2:Capacitor_Tantalum_SMD__CP_EIA-7343-31_Kemet-D,False,"Polymer tantalum; ESR12mOhm max; D case; positive stripe to core; local transient storage | 330uF +/-20%, 6.3V polymer tantalum, ESR12mOhm MAX at100kHz; D case; Tmax105C; Irms4.3/3.0/1.9A at45/85/105C; stripe=positive",https://datasheets.kyocera-avx.com/TCJ.pdf
C766,330u / 6.3V,TCJD337M006R0012E,Sphinx_V2:Capacitor_Tantalum_SMD__CP_EIA-7343-31_Kemet-D,False,"Polymer tantalum; ESR12mOhm max; D case; positive stripe to core; local transient storage | 330uF +/-20%, 6.3V polymer tantalum, ESR12mOhm MAX at100kHz; D case; Tmax105C; Irms4.3/3.0/1.9A at45/85/105C; stripe=positive",https://datasheets.kyocera-avx.com/TCJ.pdf
C767,330u / 6.3V,TCJD337M006R0012E,Sphinx_V2:Capacitor_Tantalum_SMD__CP_EIA-7343-31_Kemet-D,False,"Polymer tantalum; ESR12mOhm max; D case; positive stripe to core; local transient storage | 330uF +/-20%, 6.3V polymer tantalum, ESR12mOhm MAX at100kHz; D case; Tmax105C; Irms4.3/3.0/1.9A at45/85/105C; stripe=positive",https://datasheets.kyocera-avx.com/TCJ.pdf
C768,330u / 6.3V,TCJD337M006R0012E,Sphinx_V2:Capacitor_Tantalum_SMD__CP_EIA-7343-31_Kemet-D,True,"Polymer tantalum; ESR12mOhm max; D case; positive stripe to core; local transient storage | 330uF +/-20%, 6.3V polymer tantalum, ESR12mOhm MAX at100kHz; D case; Tmax105C; Irms4.3/3.0/1.9A at45/85/105C; stripe=positive",https://datasheets.kyocera-avx.com/TCJ.pdf
C771,100u / 6.3V,CL32A107MQVNNWE,Sphinx_V2:Capacitor_SMD__C_1210_3225Metric,False,Samsung 100uF X5R; simulate 25-120u per part; DC bias must be measured. | 100uF +/-20% 6.3V X5R 1210; max thickness2.8mm; bias/thermal effective capacitance needs qualification,https://product.samsungsem.com/mlcc/CL32A107MQVNNW.do
C772,100u / 6.3V,CL32A107MQVNNWE,Sphinx_V2:Capacitor_SMD__C_1210_3225Metric,False,Samsung 100uF X5R; simulate 25-120u per part; DC bias must be measured. | 100uF +/-20% 6.3V X5R 1210; max thickness2.8mm; bias/thermal effective capacitance needs qualification,https://product.samsungsem.com/mlcc/CL32A107MQVNNW.do
C773,100u / 6.3V,CL32A107MQVNNWE,Sphinx_V2:Capacitor_SMD__C_1210_3225Metric,False,Samsung 100uF X5R; simulate 25-120u per part; DC bias must be measured. | 100uF +/-20% 6.3V X5R 1210; max thickness2.8mm; bias/thermal effective capacitance needs qualification,https://product.samsungsem.com/mlcc/CL32A107MQVNNW.do
C774,100u / 6.3V,CL32A107MQVNNWE,Sphinx_V2:Capacitor_SMD__C_1210_3225Metric,True,Samsung 100uF X5R; simulate 25-120u per part; DC bias must be measured. | 100uF +/-20% 6.3V X5R 1210; max thickness2.8mm; bias/thermal effective capacitance needs qualification,https://product.samsungsem.com/mlcc/CL32A107MQVNNW.do
C775,100u / 6.3V,CL32A107MQVNNWE,Sphinx_V2:Capacitor_SMD__C_1210_3225Metric,False,Samsung 100uF X5R; simulate 25-120u per part; DC bias must be measured. | 100uF +/-20% 6.3V X5R 1210; max thickness2.8mm; bias/thermal effective capacitance needs qualification,https://product.samsungsem.com/mlcc/CL32A107MQVNNW.do
C776,100u / 6.3V,CL32A107MQVNNWE,Sphinx_V2:Capacitor_SMD__C_1210_3225Metric,False,Samsung 100uF X5R; simulate 25-120u per part; DC bias must be measured. | 100uF +/-20% 6.3V X5R 1210; max thickness2.8mm; bias/thermal effective capacitance needs qualification,https://product.samsungsem.com/mlcc/CL32A107MQVNNW.do
C777,100u / 6.3V,CL32A107MQVNNWE,Sphinx_V2:Capacitor_SMD__C_1210_3225Metric,False,Samsung 100uF X5R; simulate 25-120u per part; DC bias must be measured. | 100uF +/-20% 6.3V X5R 1210; max thickness2.8mm; bias/thermal effective capacitance needs qualification,https://product.samsungsem.com/mlcc/CL32A107MQVNNW.do
C778,100u / 6.3V,CL32A107MQVNNWE,Sphinx_V2:Capacitor_SMD__C_1210_3225Metric,True,Samsung 100uF X5R; simulate 25-120u per part; DC bias must be measured. | 100uF +/-20% 6.3V X5R 1210; max thickness2.8mm; bias/thermal effective capacitance needs qualification,https://product.samsungsem.com/mlcc/CL32A107MQVNNW.do
C509,100n / 16V,CL05B104KO5NNNC,Sphinx_V2:Capacitor_SMD__C_0402_1005Metric,False,100nF +/-10% 16V X7R 0402,https://product.samsungsem.com/mlcc/CL05B104KO5NNN.do
C801,47u / 6.3V,GRM31CR60J476ME19L,Sphinx_V2:Capacitor_SMD__C_1206_3216Metric,False,47uF +/-20% 6.3V X5R 1206,https://www.farnell.com/datasheets/1469229.pdf
C802,47u / 6.3V,GRM31CR60J476ME19L,Sphinx_V2:Capacitor_SMD__C_1206_3216Metric,False,47uF +/-20% 6.3V X5R 1206,https://www.farnell.com/datasheets/1469229.pdf
C811,4.7u / 16V,CL10A475KO8NNNC,Sphinx_V2:Capacitor_SMD__C_0603_1608Metric,False,4.7uF +/-10% 16V X5R 0603,https://product.samsungsem.com/mlcc/CL10A475KO8NNN.do
C812,4.7u / 16V,CL10A475KO8NNNC,Sphinx_V2:Capacitor_SMD__C_0603_1608Metric,False,4.7uF +/-10% 16V X5R 0603,https://product.samsungsem.com/mlcc/CL10A475KO8NNN.do
C813,4.7u / 16V,CL10A475KO8NNNC,Sphinx_V2:Capacitor_SMD__C_0603_1608Metric,False,4.7uF +/-10% 16V X5R 0603,https://product.samsungsem.com/mlcc/CL10A475KO8NNN.do
C814,4.7u / 16V,CL10A475KO8NNNC,Sphinx_V2:Capacitor_SMD__C_0603_1608Metric,False,4.7uF +/-10% 16V X5R 0603,https://product.samsungsem.com/mlcc/CL10A475KO8NNN.do
C821,100n / 16V,CL05B104KO5NNNC,Sphinx_V2:Capacitor_SMD__C_0402_1005Metric,False,100nF +/-10% 16V X7R 0402,https://product.samsungsem.com/mlcc/CL05B104KO5NNN.do
C822,100n / 16V,CL05B104KO5NNNC,Sphinx_V2:Capacitor_SMD__C_0402_1005Metric,False,100nF +/-10% 16V X7R 0402,https://product.samsungsem.com/mlcc/CL05B104KO5NNN.do
C823,100n / 16V,CL05B104KO5NNNC,Sphinx_V2:Capacitor_SMD__C_0402_1005Metric,False,100nF +/-10% 16V X7R 0402,https://product.samsungsem.com/mlcc/CL05B104KO5NNN.do
C824,100n / 16V,CL05B104KO5NNNC,Sphinx_V2:Capacitor_SMD__C_0402_1005Metric,False,100nF +/-10% 16V X7R 0402,https://product.samsungsem.com/mlcc/CL05B104KO5NNN.do
C825,100n / 16V,CL05B104KO5NNNC,Sphinx_V2:Capacitor_SMD__C_0402_1005Metric,False,100nF +/-10% 16V X7R 0402,https://product.samsungsem.com/mlcc/CL05B104KO5NNN.do
C826,100n / 16V,CL05B104KO5NNNC,Sphinx_V2:Capacitor_SMD__C_0402_1005Metric,False,100nF +/-10% 16V X7R 0402,https://product.samsungsem.com/mlcc/CL05B104KO5NNN.do
C827,100n / 16V,CL05B104KO5NNNC,Sphinx_V2:Capacitor_SMD__C_0402_1005Metric,False,100nF +/-10% 16V X7R 0402,https://product.samsungsem.com/mlcc/CL05B104KO5NNN.do
C828,100n / 16V,CL05B104KO5NNNC,Sphinx_V2:Capacitor_SMD__C_0402_1005Metric,False,100nF +/-10% 16V X7R 0402,https://product.samsungsem.com/mlcc/CL05B104KO5NNN.do
C829,100n / 16V,CL05B104KO5NNNC,Sphinx_V2:Capacitor_SMD__C_0402_1005Metric,False,100nF +/-10% 16V X7R 0402,https://product.samsungsem.com/mlcc/CL05B104KO5NNN.do
C830,100n / 16V,CL05B104KO5NNNC,Sphinx_V2:Capacitor_SMD__C_0402_1005Metric,False,100nF +/-10% 16V X7R 0402,https://product.samsungsem.com/mlcc/CL05B104KO5NNN.do
R511,6.19k / 0.1%,RT0603BRD076K19L,Sphinx_V2:Resistor_SMD__R_0603_1608Metric,False,0.1%; IO_VALID rises at1.242*(1+6.19/20)=1.626V nominal | 6.19kOhm +/-0.1% 0.1W 0603 thin film; 25ppm/C,https://yageogroup.com/component-documentation/download/specsheet/RT0603BRD076K19L
R512,20k / 0.1%,RT0603BRD0720KL,Sphinx_V2:Resistor_SMD__R_0603_1608Metric,False,0.1%; IO_VALID rises at1.242*(1+6.19/20)=1.626V nominal | 20kOhm +/-0.1% 0.1W 0603 thin film; 25ppm/C,https://yageogroup.com/component-documentation/download/specsheet/RT0603BRD0720KL
R513,10k,RC0603FR-0710KL,Sphinx_V2:Resistor_SMD__R_0603_1608Metric,False,10k +/-1% 0.1W 0603 thick film; +/-100ppm/C,https://yageogroup.com/component-documentation/download/specsheet/RC0603FR-0710KL
TP801,1V8,,Sphinx_V2:TestPoint__TestPoint_Pad_D1.0mm,False,,
TP802,GND,,Sphinx_V2:TestPoint__TestPoint_Pad_D1.0mm,False,,
TP803,0V75,,Sphinx_V2:TestPoint__TestPoint_Pad_D1.0mm,False,,
TP804,GND,,Sphinx_V2:TestPoint__TestPoint_Pad_D1.0mm,False,,
TP805,VIN12,,Sphinx_V2:TestPoint__TestPoint_Pad_D1.0mm,False,,
TP806,GND,,Sphinx_V2:TestPoint__TestPoint_Pad_D1.0mm,False,,
U508,TLV3011AIDBVR,TLV3011AIDBVR,Sphinx_V2:Package_TO_SOT_SMD__SOT-23-6,False,"Independent VIO undervoltage qualifier, nominal1.626V; coarse backup, not ASIC rated threshold | 1.8-5.5V comparator, OPEN-DRAIN, 1.242V reference; DBV SOT23-6",https://www.ti.com/lit/ds/symlink/tlv3011.pdf
